recommendation_201348,goodreads_29759,FALSE
recommendation_131125,goodreads_28766,FALSE
recommendation_195707,goodreads_45646,FALSE
recommendation_219116,goodreads_2862,FALSE
recommendation_178709,goodreads_43801,FALSE
recommendation_253062,goodreads_15691,FALSE
recommendation_1914,goodreads_32440,FALSE
recommendation_279,goodreads_51675,FALSE
recommendation_50853,goodreads_2105,FALSE
recommendation_265880,goodreads_43360,FALSE
recommendation_320,goodreads_10750,FALSE
recommendation_41197,goodreads_33115,FALSE
recommendation_330,goodreads_25405,FALSE
recommendation_109376,goodreads_4090,FALSE
recommendation_190440,goodreads_47742,FALSE
recommendation_267395,goodreads_50243,FALSE
recommendation_241241,goodreads_24763,FALSE
recommendation_425,goodreads_27925,FALSE
recommendation_218574,goodreads_45659,FALSE
recommendation_479,goodreads_23021,FALSE
recommendation_483,goodreads_49997,FALSE
recommendation_244527,goodreads_36813,FALSE
recommendation_200448,goodreads_46259,FALSE
recommendation_122129,goodreads_49525,FALSE
recommendation_258435,goodreads_15348,FALSE
recommendation_54715,goodreads_52274,FALSE
recommendation_213338,goodreads_49366,FALSE
recommendation_30068,goodreads_53065,FALSE
recommendation_116405,goodreads_7722,FALSE
recommendation_661,goodreads_18377,FALSE
recommendation_268528,goodreads_25703,FALSE
recommendation_85600,goodreads_21156,FALSE
recommendation_164099,goodreads_18933,FALSE
recommendation_197795,goodreads_23935,FALSE
recommendation_843,goodreads_6670,FALSE
recommendation_241673,goodreads_21794,FALSE
recommendation_212434,goodreads_18719,FALSE
recommendation_211313,goodreads_35953,FALSE
recommendation_190649,goodreads_41632,FALSE
recommendation_262736,goodreads_50824,FALSE
recommendation_129979,goodreads_38471,FALSE
recommendation_233571,goodreads_45733,FALSE
recommendation_161077,goodreads_51367,FALSE
recommendation_208197,goodreads_45019,FALSE
recommendation_269947,goodreads_43427,FALSE
recommendation_143462,goodreads_53283,FALSE
recommendation_128019,goodreads_27345,FALSE
recommendation_216582,goodreads_51632,FALSE
recommendation_151464,goodreads_8053,FALSE
recommendation_64727,goodreads_35064,FALSE
recommendation_249160,goodreads_44770,FALSE
recommendation_169801,goodreads_16020,FALSE
recommendation_118572,goodreads_39522,FALSE
recommendation_31895,goodreads_41956,FALSE
recommendation_224978,goodreads_34209,FALSE
recommendation_250592,goodreads_52513,FALSE
recommendation_113326,goodreads_18309,FALSE
recommendation_1546,goodreads_49977,FALSE
recommendation_171635,goodreads_31748,FALSE
recommendation_224606,goodreads_52835,FALSE
recommendation_269822,goodreads_33915,FALSE
recommendation_219869,goodreads_30287,FALSE
recommendation_105356,goodreads_30262,FALSE
recommendation_236780,goodreads_41748,FALSE
recommendation_234355,goodreads_12633,FALSE
recommendation_261304,goodreads_18380,FALSE
recommendation_107011,goodreads_7342,FALSE
recommendation_1838,goodreads_4499,FALSE
recommendation_165739,goodreads_10858,FALSE
recommendation_219385,goodreads_16039,FALSE
recommendation_177842,goodreads_26638,FALSE
recommendation_243288,goodreads_47707,FALSE
recommendation_246513,goodreads_31072,FALSE
recommendation_209665,goodreads_44018,FALSE
recommendation_156592,goodreads_51140,FALSE
recommendation_270618,goodreads_50205,FALSE
recommendation_245740,goodreads_13895,FALSE
recommendation_221990,goodreads_3073,FALSE
recommendation_216640,goodreads_53668,FALSE
recommendation_38263,goodreads_21627,FALSE
recommendation_266340,goodreads_38977,FALSE
recommendation_213278,goodreads_14141,FALSE
recommendation_81838,goodreads_27066,FALSE
recommendation_31896,goodreads_4642,FALSE
recommendation_236892,goodreads_834,FALSE
recommendation_196767,goodreads_46113,FALSE
recommendation_75520,goodreads_10868,FALSE
recommendation_122385,goodreads_12320,FALSE
recommendation_251124,goodreads_917,FALSE
recommendation_2699,goodreads_4770,FALSE
recommendation_210843,goodreads_39727,FALSE
recommendation_211257,goodreads_44166,FALSE
recommendation_155266,goodreads_12789,FALSE
recommendation_262342,goodreads_38712,FALSE
recommendation_132169,goodreads_53701,FALSE
recommendation_34894,goodreads_12636,FALSE
recommendation_2875,goodreads_27067,FALSE
recommendation_220403,goodreads_43626,FALSE
recommendation_160102,goodreads_8060,FALSE
recommendation_114651,goodreads_52664,FALSE
recommendation_96533,goodreads_18825,FALSE
recommendation_3018,goodreads_24135,FALSE
recommendation_220229,goodreads_8252,FALSE
recommendation_3076,goodreads_16931,FALSE
recommendation_243109,goodreads_10378,FALSE
recommendation_210732,goodreads_20022,FALSE
recommendation_250427,goodreads_31580,FALSE
recommendation_169039,goodreads_15874,FALSE
recommendation_178656,goodreads_23976,FALSE
recommendation_75986,goodreads_26604,FALSE
recommendation_229985,goodreads_48371,FALSE
recommendation_35512,goodreads_9197,FALSE
recommendation_25399,goodreads_28461,FALSE
recommendation_266269,goodreads_47184,FALSE
recommendation_224737,goodreads_36057,FALSE
recommendation_244397,goodreads_32970,FALSE
recommendation_181724,goodreads_52056,FALSE
recommendation_156774,goodreads_24247,FALSE
recommendation_106166,goodreads_19153,FALSE
recommendation_221736,goodreads_1582,FALSE
recommendation_22341,goodreads_14330,FALSE
recommendation_179037,goodreads_43810,FALSE
recommendation_238157,goodreads_46629,FALSE
recommendation_151193,goodreads_2413,FALSE
recommendation_215576,goodreads_48654,FALSE
recommendation_62110,goodreads_32504,FALSE
recommendation_134632,goodreads_50130,FALSE
recommendation_240530,goodreads_46448,FALSE
recommendation_257784,goodreads_48217,FALSE
recommendation_200484,goodreads_26658,FALSE
recommendation_51714,goodreads_27566,FALSE
recommendation_128765,goodreads_45188,FALSE
recommendation_100744,goodreads_7716,FALSE
recommendation_268004,goodreads_36618,FALSE
recommendation_139181,goodreads_33366,FALSE
recommendation_195505,goodreads_19856,FALSE
recommendation_4522,goodreads_47351,FALSE
recommendation_151667,goodreads_30506,FALSE
recommendation_29689,goodreads_2331,FALSE
recommendation_4651,goodreads_52838,FALSE
recommendation_241581,goodreads_49601,FALSE
recommendation_4717,goodreads_50192,FALSE
recommendation_116582,goodreads_27382,FALSE
recommendation_100363,goodreads_25386,FALSE
recommendation_265540,goodreads_46859,FALSE
recommendation_229171,goodreads_28608,FALSE
recommendation_206728,goodreads_8159,FALSE
recommendation_4827,goodreads_28786,FALSE
recommendation_4868,goodreads_788,FALSE
recommendation_218475,goodreads_25962,FALSE
recommendation_172297,goodreads_43191,FALSE
recommendation_195389,goodreads_24650,FALSE
recommendation_4980,goodreads_53428,FALSE
recommendation_215279,goodreads_40532,FALSE
recommendation_255706,goodreads_4902,FALSE
recommendation_192302,goodreads_47953,FALSE
recommendation_179428,goodreads_34612,FALSE
recommendation_96990,goodreads_5264,FALSE
recommendation_215652,goodreads_50979,FALSE
recommendation_220207,goodreads_28458,FALSE
recommendation_8454,goodreads_53641,FALSE
recommendation_145242,goodreads_40538,FALSE
recommendation_5339,goodreads_25812,FALSE
recommendation_104484,goodreads_3379,FALSE
recommendation_247146,goodreads_42884,FALSE
recommendation_102306,goodreads_4992,FALSE
recommendation_204411,goodreads_27195,FALSE
recommendation_179106,goodreads_8299,FALSE
recommendation_257961,goodreads_34982,FALSE
recommendation_253682,goodreads_8696,FALSE
recommendation_180713,goodreads_27032,FALSE
recommendation_163203,goodreads_9682,FALSE
recommendation_116039,goodreads_53549,FALSE
recommendation_76106,goodreads_41645,FALSE
recommendation_77125,goodreads_37784,FALSE
recommendation_201776,goodreads_35125,FALSE
recommendation_268718,goodreads_3147,FALSE
recommendation_20196,goodreads_47256,FALSE
recommendation_206325,goodreads_20076,FALSE
recommendation_5972,goodreads_13191,FALSE
recommendation_5976,goodreads_51880,FALSE
recommendation_83918,goodreads_20982,FALSE
recommendation_230999,goodreads_27206,FALSE
recommendation_26709,goodreads_22967,FALSE
recommendation_139748,goodreads_37983,FALSE
recommendation_246921,goodreads_53238,FALSE
recommendation_249356,goodreads_46369,FALSE
recommendation_49025,goodreads_7200,FALSE
recommendation_153433,goodreads_12358,FALSE
recommendation_6051,goodreads_11459,FALSE
recommendation_180980,goodreads_30135,FALSE
recommendation_259731,goodreads_5645,FALSE
recommendation_6091,goodreads_45539,FALSE
recommendation_256969,goodreads_31114,FALSE
recommendation_266161,goodreads_26187,FALSE
recommendation_124779,goodreads_41055,FALSE
recommendation_6393,goodreads_45445,FALSE
recommendation_261291,goodreads_50822,FALSE
recommendation_92522,goodreads_4432,FALSE
recommendation_241833,goodreads_46131,FALSE
recommendation_35352,goodreads_44704,FALSE
recommendation_217808,goodreads_36352,FALSE
recommendation_227261,goodreads_47073,FALSE
recommendation_228199,goodreads_44790,FALSE
recommendation_6746,goodreads_39661,FALSE
recommendation_6749,goodreads_25906,FALSE
recommendation_6803,goodreads_45148,FALSE
recommendation_85633,goodreads_52896,FALSE
recommendation_6859,goodreads_46732,FALSE
recommendation_243693,goodreads_8813,FALSE
recommendation_200402,goodreads_3033,FALSE
recommendation_33884,goodreads_20010,FALSE
recommendation_205740,goodreads_51621,FALSE
recommendation_91308,goodreads_50615,FALSE
recommendation_115276,goodreads_46040,FALSE
recommendation_269903,goodreads_54191,FALSE
recommendation_93543,goodreads_46277,FALSE
recommendation_216985,goodreads_33248,FALSE
recommendation_190142,goodreads_43723,FALSE
recommendation_114535,goodreads_38354,FALSE
recommendation_248729,goodreads_44375,FALSE
recommendation_268144,goodreads_31474,FALSE
recommendation_234137,goodreads_45207,FALSE
recommendation_223045,goodreads_3291,FALSE
recommendation_87638,goodreads_39513,FALSE
recommendation_113408,goodreads_49621,FALSE
recommendation_196657,goodreads_17911,FALSE
recommendation_196237,goodreads_812,FALSE
recommendation_150990,goodreads_33688,FALSE
recommendation_149550,goodreads_18501,FALSE
recommendation_7619,goodreads_53033,FALSE
recommendation_241913,goodreads_34332,FALSE
recommendation_40584,goodreads_25600,FALSE
recommendation_96229,goodreads_4762,FALSE
recommendation_239938,goodreads_38267,FALSE
recommendation_177927,goodreads_45998,FALSE
recommendation_114775,goodreads_43779,FALSE
recommendation_164177,goodreads_40401,FALSE
recommendation_51512,goodreads_50854,FALSE
recommendation_57053,goodreads_13648,FALSE
recommendation_209666,goodreads_52060,FALSE
recommendation_214859,goodreads_13864,FALSE
recommendation_8013,goodreads_40910,FALSE
recommendation_216620,goodreads_51687,FALSE
recommendation_76838,goodreads_3995,FALSE
recommendation_261183,goodreads_40013,FALSE
recommendation_150175,goodreads_11542,FALSE
recommendation_109022,goodreads_23823,FALSE
recommendation_145876,goodreads_52295,FALSE
recommendation_247774,goodreads_26061,FALSE
recommendation_221525,goodreads_28702,FALSE
recommendation_8371,goodreads_22703,FALSE
recommendation_170075,goodreads_41482,FALSE
recommendation_58933,goodreads_47327,FALSE
recommendation_121321,goodreads_4844,FALSE
recommendation_24882,goodreads_47543,FALSE
recommendation_153790,goodreads_37889,FALSE
recommendation_237144,goodreads_40575,FALSE
recommendation_36569,goodreads_49730,FALSE
recommendation_174809,goodreads_15376,FALSE
recommendation_8653,goodreads_52555,FALSE
recommendation_8702,goodreads_11801,FALSE
recommendation_8709,goodreads_40616,FALSE
recommendation_252359,goodreads_50584,FALSE
recommendation_160113,goodreads_768,FALSE
recommendation_202465,goodreads_48426,FALSE
recommendation_128486,goodreads_43745,FALSE
recommendation_268721,goodreads_54251,FALSE
recommendation_230670,goodreads_45308,FALSE
recommendation_257179,goodreads_49687,FALSE
recommendation_215355,goodreads_7039,FALSE
recommendation_239702,goodreads_24411,FALSE
recommendation_125626,goodreads_5033,FALSE
recommendation_23653,goodreads_32037,FALSE
recommendation_267027,goodreads_24107,FALSE
recommendation_247988,goodreads_35509,FALSE
recommendation_251049,goodreads_49671,FALSE
recommendation_268795,goodreads_42747,FALSE
recommendation_31096,goodreads_3592,FALSE
recommendation_180794,goodreads_12009,FALSE
recommendation_260734,goodreads_52496,FALSE
recommendation_9488,goodreads_50074,FALSE
recommendation_9494,goodreads_23407,FALSE
recommendation_181083,goodreads_37466,FALSE
recommendation_266228,goodreads_1778,FALSE
recommendation_178717,goodreads_32818,FALSE
recommendation_12318,goodreads_19754,FALSE
recommendation_9626,goodreads_6876,FALSE
recommendation_169218,goodreads_34495,FALSE
recommendation_120951,goodreads_49602,FALSE
recommendation_210884,goodreads_39546,FALSE
recommendation_239419,goodreads_22733,FALSE
recommendation_263207,goodreads_46444,FALSE
recommendation_49760,goodreads_43047,FALSE
recommendation_236107,goodreads_43811,FALSE
recommendation_201744,goodreads_50251,FALSE
recommendation_231002,goodreads_14906,FALSE
recommendation_9861,goodreads_3097,FALSE
recommendation_103626,goodreads_51789,FALSE
recommendation_43670,goodreads_41121,FALSE
recommendation_250226,goodreads_15558,FALSE
recommendation_248848,goodreads_46079,FALSE
recommendation_144452,goodreads_38014,FALSE
recommendation_192852,goodreads_24336,FALSE
recommendation_191637,goodreads_25076,FALSE
recommendation_75552,goodreads_38729,FALSE
recommendation_124475,goodreads_24601,FALSE
recommendation_157261,goodreads_22978,FALSE
recommendation_39012,goodreads_50647,FALSE
recommendation_10224,goodreads_52330,FALSE
recommendation_10259,goodreads_51774,FALSE
recommendation_268689,goodreads_32268,FALSE
recommendation_74660,goodreads_51564,FALSE
recommendation_118392,goodreads_30073,FALSE
recommendation_10360,goodreads_51662,FALSE
recommendation_50826,goodreads_35093,FALSE
recommendation_45660,goodreads_7513,FALSE
recommendation_223889,goodreads_2277,FALSE
recommendation_175663,goodreads_53034,FALSE
recommendation_38552,goodreads_9767,FALSE
recommendation_271274,goodreads_52511,FALSE
recommendation_10538,goodreads_10566,FALSE
recommendation_249882,goodreads_28091,FALSE
recommendation_170407,goodreads_22208,FALSE
recommendation_258837,goodreads_27843,FALSE
recommendation_211839,goodreads_52102,FALSE
recommendation_10811,goodreads_53374,FALSE
recommendation_261186,goodreads_27291,FALSE
recommendation_44363,goodreads_45701,FALSE
recommendation_10917,goodreads_34076,FALSE
recommendation_178178,goodreads_4394,FALSE
recommendation_32345,goodreads_10525,FALSE
recommendation_10980,goodreads_27091,FALSE
recommendation_267448,goodreads_38330,FALSE
recommendation_232772,goodreads_17647,FALSE
recommendation_109383,goodreads_32062,FALSE
recommendation_11013,goodreads_51835,FALSE
recommendation_237095,goodreads_50551,FALSE
recommendation_58050,goodreads_6352,FALSE
recommendation_208927,goodreads_47255,FALSE
recommendation_145693,goodreads_16372,FALSE
recommendation_257286,goodreads_20692,FALSE
recommendation_229255,goodreads_6270,FALSE
recommendation_11114,goodreads_23711,FALSE
recommendation_184406,goodreads_11688,FALSE
recommendation_196238,goodreads_51260,FALSE
recommendation_76034,goodreads_23684,FALSE
recommendation_172861,goodreads_44718,FALSE
recommendation_148552,goodreads_54024,FALSE
recommendation_234493,goodreads_54046,FALSE
recommendation_249467,goodreads_12210,FALSE
recommendation_144281,goodreads_13518,FALSE
recommendation_224608,goodreads_48173,FALSE
recommendation_260538,goodreads_36442,FALSE
recommendation_246664,goodreads_13181,FALSE
recommendation_102745,goodreads_43372,FALSE
recommendation_216839,goodreads_35478,FALSE
recommendation_11686,goodreads_43764,FALSE
recommendation_178693,goodreads_27214,FALSE
recommendation_201698,goodreads_14208,FALSE
recommendation_222175,goodreads_37334,FALSE
recommendation_201104,goodreads_7728,FALSE
recommendation_233460,goodreads_52185,FALSE
recommendation_217135,goodreads_31317,FALSE
recommendation_115278,goodreads_8607,FALSE
recommendation_12000,goodreads_41340,FALSE
recommendation_156758,goodreads_25480,FALSE
recommendation_250633,goodreads_13005,FALSE
recommendation_238358,goodreads_663,FALSE
recommendation_261171,goodreads_42986,FALSE
recommendation_237413,goodreads_49569,FALSE
recommendation_172934,goodreads_46521,FALSE
recommendation_217679,goodreads_40603,FALSE
recommendation_40611,goodreads_47080,FALSE
recommendation_219507,goodreads_34000,FALSE
recommendation_266509,goodreads_43638,FALSE
recommendation_194780,goodreads_48051,FALSE
recommendation_177068,goodreads_50780,FALSE
recommendation_12514,goodreads_8940,FALSE
recommendation_229035,goodreads_36404,FALSE
recommendation_48945,goodreads_40666,FALSE
recommendation_118227,goodreads_41368,FALSE
recommendation_108546,goodreads_35002,FALSE
recommendation_119796,goodreads_3534,FALSE
recommendation_232657,goodreads_53446,FALSE
recommendation_59244,goodreads_52933,FALSE
recommendation_230983,goodreads_19764,FALSE
recommendation_156406,goodreads_43706,FALSE
recommendation_191593,goodreads_25723,FALSE
recommendation_218690,goodreads_44540,FALSE
recommendation_244974,goodreads_53234,FALSE
recommendation_13024,goodreads_49539,FALSE
recommendation_245926,goodreads_31391,FALSE
recommendation_111566,goodreads_3935,FALSE
recommendation_13306,goodreads_21542,FALSE
recommendation_152849,goodreads_46953,FALSE
recommendation_114352,goodreads_44871,FALSE
recommendation_139153,goodreads_51076,FALSE
recommendation_260599,goodreads_2880,FALSE
recommendation_107754,goodreads_46249,FALSE
recommendation_82107,goodreads_16370,FALSE
recommendation_54695,goodreads_17531,FALSE
recommendation_13584,goodreads_29890,FALSE
recommendation_104841,goodreads_23167,FALSE
recommendation_263427,goodreads_47203,FALSE
recommendation_132736,goodreads_47146,FALSE
recommendation_88960,goodreads_23831,FALSE
recommendation_13718,goodreads_41481,FALSE
recommendation_188277,goodreads_53353,FALSE
recommendation_205685,goodreads_1401,FALSE
recommendation_13993,goodreads_43526,FALSE
recommendation_238125,goodreads_37610,FALSE
recommendation_105193,goodreads_44695,FALSE
recommendation_14143,goodreads_26985,FALSE
recommendation_143175,goodreads_50169,FALSE
recommendation_260862,goodreads_36199,FALSE
recommendation_233059,goodreads_49408,FALSE
recommendation_245202,goodreads_45622,FALSE
recommendation_261307,goodreads_11460,FALSE
recommendation_146874,goodreads_33993,FALSE
recommendation_212234,goodreads_31035,FALSE
recommendation_74485,goodreads_51456,FALSE
recommendation_108978,goodreads_1534,FALSE
recommendation_222120,goodreads_46127,FALSE
recommendation_240918,goodreads_15362,FALSE
recommendation_186693,goodreads_32004,FALSE
recommendation_224682,goodreads_2065,FALSE
recommendation_174184,goodreads_20286,FALSE
recommendation_14548,goodreads_4174,FALSE
recommendation_217742,goodreads_24924,FALSE
recommendation_258578,goodreads_52145,FALSE
recommendation_179085,goodreads_50939,FALSE
recommendation_267572,goodreads_49023,FALSE
recommendation_190098,goodreads_50099,FALSE
recommendation_115826,goodreads_14847,FALSE
recommendation_81668,goodreads_27118,FALSE
recommendation_108975,goodreads_6623,FALSE
recommendation_224857,goodreads_49911,FALSE
recommendation_239361,goodreads_27795,FALSE
recommendation_65047,goodreads_33046,FALSE
recommendation_76788,goodreads_14342,FALSE
recommendation_186470,goodreads_824,FALSE
recommendation_150547,goodreads_46573,FALSE
recommendation_246457,goodreads_12260,FALSE
recommendation_144158,goodreads_51263,FALSE
recommendation_83155,goodreads_22621,FALSE
recommendation_177467,goodreads_20459,FALSE
recommendation_44287,goodreads_34341,FALSE
recommendation_214396,goodreads_7171,FALSE
recommendation_162106,goodreads_33938,FALSE
recommendation_237669,goodreads_41892,FALSE
recommendation_149544,goodreads_25739,FALSE
recommendation_15095,goodreads_41917,FALSE
recommendation_15098,goodreads_52392,FALSE
recommendation_184789,goodreads_42329,FALSE
recommendation_15107,goodreads_39463,FALSE
recommendation_209715,goodreads_43291,FALSE
recommendation_168168,goodreads_36453,FALSE
recommendation_15171,goodreads_37444,FALSE
recommendation_15278,goodreads_27911,FALSE
recommendation_240102,goodreads_45652,FALSE
recommendation_15357,goodreads_38166,FALSE
recommendation_15372,goodreads_26525,FALSE
recommendation_169930,goodreads_22435,FALSE
recommendation_256929,goodreads_38340,FALSE
recommendation_80063,goodreads_46046,FALSE
recommendation_210063,goodreads_50706,FALSE
recommendation_270056,goodreads_8036,FALSE
recommendation_201163,goodreads_48200,FALSE
recommendation_15748,goodreads_3222,FALSE
recommendation_139583,goodreads_34236,FALSE
recommendation_140912,goodreads_45354,FALSE
recommendation_141695,goodreads_16591,FALSE
recommendation_15876,goodreads_8593,FALSE
recommendation_161348,goodreads_47362,FALSE
recommendation_137799,goodreads_45203,FALSE
recommendation_196603,goodreads_16827,FALSE
recommendation_220402,goodreads_28671,FALSE
recommendation_16136,goodreads_18475,FALSE
recommendation_177896,goodreads_50860,FALSE
recommendation_87106,goodreads_34246,FALSE
recommendation_235298,goodreads_51287,FALSE
recommendation_158480,goodreads_44764,FALSE
recommendation_208081,goodreads_23280,FALSE
recommendation_16458,goodreads_5311,FALSE
recommendation_247539,goodreads_9554,FALSE
recommendation_226540,goodreads_51529,FALSE
recommendation_48799,goodreads_18140,FALSE
recommendation_16597,goodreads_24734,FALSE
recommendation_186257,goodreads_24258,FALSE
recommendation_113964,goodreads_33247,FALSE
recommendation_262202,goodreads_6416,FALSE
recommendation_170338,goodreads_40634,FALSE
recommendation_239871,goodreads_49444,FALSE
recommendation_187083,goodreads_32154,FALSE
recommendation_266813,goodreads_42750,FALSE
recommendation_252643,goodreads_52309,FALSE
recommendation_159988,goodreads_42265,FALSE
recommendation_246102,goodreads_35301,FALSE
recommendation_84905,goodreads_38939,FALSE
recommendation_268056,goodreads_5391,FALSE
recommendation_105810,goodreads_27524,FALSE
recommendation_127904,goodreads_42685,FALSE
recommendation_245183,goodreads_45338,FALSE
recommendation_130072,goodreads_253,FALSE
recommendation_187407,goodreads_25815,FALSE
recommendation_66521,goodreads_52942,FALSE
recommendation_17311,goodreads_49049,FALSE
recommendation_236808,goodreads_53703,FALSE
recommendation_17569,goodreads_10097,FALSE
recommendation_17641,goodreads_13312,FALSE
recommendation_126728,goodreads_13980,FALSE
recommendation_206009,goodreads_43688,FALSE
recommendation_75440,goodreads_29295,FALSE
recommendation_17814,goodreads_38150,FALSE
recommendation_107593,goodreads_5243,FALSE
recommendation_245303,goodreads_20453,FALSE
recommendation_245852,goodreads_50536,FALSE
recommendation_17979,goodreads_48818,FALSE
recommendation_125949,goodreads_28495,FALSE
recommendation_18040,goodreads_14531,FALSE
recommendation_188059,goodreads_6566,FALSE
recommendation_192077,goodreads_46812,FALSE
recommendation_18470,goodreads_14156,FALSE
recommendation_66448,goodreads_27316,FALSE
recommendation_18723,goodreads_25444,FALSE
recommendation_18746,goodreads_51226,FALSE
recommendation_255995,goodreads_38290,FALSE
recommendation_18850,goodreads_1258,FALSE
recommendation_218345,goodreads_11161,FALSE
recommendation_143736,goodreads_4880,FALSE
recommendation_19080,goodreads_44457,FALSE
recommendation_264944,goodreads_51716,FALSE
recommendation_231324,goodreads_1997,FALSE
recommendation_253368,goodreads_50117,FALSE
recommendation_37985,goodreads_34453,FALSE
recommendation_19557,goodreads_34167,FALSE
recommendation_19575,goodreads_43490,FALSE
recommendation_198306,goodreads_4294,FALSE
recommendation_92886,goodreads_31716,FALSE
recommendation_19655,goodreads_11213,FALSE
recommendation_264184,goodreads_8185,FALSE
recommendation_183792,goodreads_9021,FALSE
recommendation_150845,goodreads_6356,FALSE
recommendation_146371,goodreads_42083,FALSE
recommendation_73181,goodreads_53431,FALSE
recommendation_40812,goodreads_43947,FALSE
recommendation_19971,goodreads_30741,FALSE
recommendation_79370,goodreads_34121,FALSE
recommendation_193592,goodreads_36159,FALSE
recommendation_159627,goodreads_14893,FALSE
recommendation_128498,goodreads_47751,FALSE
recommendation_183009,goodreads_51559,FALSE
recommendation_249007,goodreads_49875,FALSE
recommendation_86153,goodreads_43909,FALSE
recommendation_174281,goodreads_36757,FALSE
recommendation_67234,goodreads_46493,FALSE
recommendation_244062,goodreads_5359,FALSE
recommendation_208395,goodreads_22217,FALSE
recommendation_20708,goodreads_30340,FALSE
recommendation_229700,goodreads_49555,FALSE
recommendation_236345,goodreads_24251,FALSE
recommendation_21279,goodreads_40258,FALSE
recommendation_107033,goodreads_41107,FALSE
recommendation_120501,goodreads_43190,FALSE
recommendation_68175,goodreads_10370,FALSE
recommendation_200795,goodreads_41304,FALSE
recommendation_249941,goodreads_13973,FALSE
recommendation_21346,goodreads_16189,FALSE
recommendation_40573,goodreads_42591,FALSE
recommendation_258305,goodreads_25484,FALSE
recommendation_266392,goodreads_48647,FALSE
recommendation_233098,goodreads_33344,FALSE
recommendation_211777,goodreads_37706,FALSE
recommendation_258345,goodreads_44535,FALSE
recommendation_255972,goodreads_17883,FALSE
recommendation_247133,goodreads_12116,FALSE
recommendation_21764,goodreads_32341,FALSE
recommendation_183688,goodreads_35175,FALSE
recommendation_59965,goodreads_4349,FALSE
recommendation_36468,goodreads_5036,FALSE
recommendation_229561,goodreads_5529,FALSE
recommendation_190201,goodreads_45904,FALSE
recommendation_201425,goodreads_27186,FALSE
recommendation_47257,goodreads_12280,FALSE
recommendation_186258,goodreads_50750,FALSE
recommendation_22561,goodreads_40815,FALSE
recommendation_22595,goodreads_33302,FALSE
recommendation_268282,goodreads_16032,FALSE
recommendation_157683,goodreads_20011,FALSE
recommendation_187274,goodreads_1370,TRUE
recommendation_215586,goodreads_36376,TRUE
recommendation_264290,goodreads_53337,TRUE
recommendation_268009,goodreads_815,TRUE
recommendation_2403,goodreads_24713,TRUE
recommendation_6093,goodreads_38373,TRUE
recommendation_55817,goodreads_14207,TRUE
recommendation_178952,goodreads_51584,TRUE
recommendation_2433,goodreads_52132,TRUE
recommendation_217143,goodreads_15738,TRUE
recommendation_223307,goodreads_35022,TRUE
recommendation_182735,goodreads_52298,TRUE
recommendation_137470,goodreads_842,TRUE
recommendation_212685,goodreads_1078,TRUE
recommendation_2448,goodreads_10507,TRUE
recommendation_51657,goodreads_29966,TRUE
recommendation_2481,goodreads_12743,TRUE
recommendation_3462,goodreads_43152,TRUE
recommendation_110886,goodreads_47550,TRUE
recommendation_13298,goodreads_13,TRUE
recommendation_30490,goodreads_47739,TRUE
recommendation_2543,goodreads_45270,TRUE
recommendation_153714,goodreads_11156,TRUE
recommendation_173784,goodreads_8609,TRUE
recommendation_42367,goodreads_21767,TRUE
recommendation_2560,goodreads_26072,TRUE
recommendation_235448,goodreads_50792,TRUE
recommendation_195305,goodreads_19552,TRUE
recommendation_190296,goodreads_50239,TRUE
recommendation_102691,goodreads_53295,TRUE
recommendation_177711,goodreads_50648,TRUE
recommendation_79996,goodreads_38992,TRUE
recommendation_122085,goodreads_35709,TRUE
recommendation_2637,goodreads_19712,TRUE
recommendation_2640,goodreads_49135,TRUE
recommendation_263783,goodreads_1368,TRUE
recommendation_12050,goodreads_578,TRUE
recommendation_139732,goodreads_1066,TRUE
recommendation_9504,goodreads_6517,TRUE
recommendation_2741,goodreads_33278,TRUE
recommendation_267536,goodreads_41781,TRUE
recommendation_2757,goodreads_43322,TRUE
recommendation_106205,goodreads_5813,TRUE
recommendation_246648,goodreads_4380,TRUE
recommendation_32454,goodreads_14039,TRUE
recommendation_2789,goodreads_19848,TRUE
recommendation_2793,goodreads_3004,TRUE
recommendation_145365,goodreads_7817,TRUE
recommendation_219236,goodreads_15021,TRUE
recommendation_115171,goodreads_43316,TRUE
recommendation_2838,goodreads_49411,TRUE
recommendation_58106,goodreads_9353,TRUE
recommendation_19296,goodreads_641,TRUE
recommendation_256068,goodreads_26121,TRUE
recommendation_173767,goodreads_51548,TRUE
recommendation_126229,goodreads_2327,TRUE
recommendation_86797,goodreads_7812,TRUE
recommendation_109474,goodreads_14391,TRUE
recommendation_2929,goodreads_1663,TRUE
recommendation_2934,goodreads_34906,TRUE
recommendation_209808,goodreads_42399,TRUE
recommendation_247112,goodreads_2151,TRUE
recommendation_51414,goodreads_50264,TRUE
recommendation_200828,goodreads_2187,TRUE
recommendation_2971,goodreads_16529,TRUE
recommendation_11542,goodreads_7843,TRUE
recommendation_213935,goodreads_1653,TRUE
recommendation_55253,goodreads_268,TRUE
recommendation_143412,goodreads_6511,TRUE
recommendation_171646,goodreads_49758,TRUE
recommendation_29141,goodreads_20025,TRUE
recommendation_194273,goodreads_8638,TRUE
recommendation_81330,goodreads_3050,TRUE
recommendation_16732,goodreads_8286,TRUE
recommendation_55650,goodreads_44716,TRUE
recommendation_18817,goodreads_11051,TRUE
recommendation_43755,goodreads_26788,TRUE
recommendation_57663,goodreads_29282,TRUE
recommendation_41284,goodreads_39681,TRUE
recommendation_170779,goodreads_50649,FALSE
recommendation_22593,goodreads_23342,FALSE
recommendation_176534,goodreads_30410,FALSE
recommendation_244960,goodreads_1420,FALSE
recommendation_214820,goodreads_4977,FALSE
recommendation_176255,goodreads_7872,FALSE
recommendation_39478,goodreads_2395,FALSE
recommendation_245767,goodreads_491,FALSE
recommendation_255494,goodreads_12425,TRUE
recommendation_207225,goodreads_14261,FALSE
recommendation_209411,goodreads_48176,FALSE
recommendation_67791,goodreads_13780,FALSE
recommendation_10169,goodreads_13644,FALSE
recommendation_117001,goodreads_10900,FALSE
recommendation_4524,goodreads_2428,FALSE
recommendation_19372,goodreads_2604,TRUE
recommendation_139242,goodreads_52552,FALSE
recommendation_8319,goodreads_14931,TRUE
recommendation_86137,goodreads_52999,TRUE
recommendation_119805,goodreads_52264,FALSE
recommendation_30955,goodreads_28247,FALSE
recommendation_42473,goodreads_5899,FALSE
recommendation_41733,goodreads_7056,FALSE
recommendation_154526,goodreads_18968,TRUE
recommendation_39526,goodreads_38949,TRUE
recommendation_2800,goodreads_35997,TRUE
recommendation_8310,goodreads_6736,TRUE
recommendation_208040,goodreads_2236,TRUE
recommendation_63644,goodreads_13265,TRUE
recommendation_4107,goodreads_31501,FALSE
recommendation_2747,goodreads_14000,TRUE
recommendation_39778,goodreads_6077,TRUE
recommendation_71476,goodreads_14583,FALSE
recommendation_28450,goodreads_57,TRUE
recommendation_98087,goodreads_53199,TRUE
recommendation_23107,goodreads_35853,FALSE
recommendation_3015,goodreads_21230,FALSE
recommendation_8952,goodreads_632,FALSE
recommendation_228854,goodreads_29422,FALSE
recommendation_21646,goodreads_10288,TRUE
recommendation_4342,goodreads_5569,TRUE
recommendation_1679,goodreads_35181,TRUE
recommendation_17722,goodreads_384,FALSE
recommendation_7198,goodreads_13504,FALSE
recommendation_56928,goodreads_34786,TRUE
recommendation_180106,goodreads_19612,FALSE
recommendation_154902,goodreads_11043,TRUE
recommendation_77713,goodreads_3184,TRUE
recommendation_114023,goodreads_2132,FALSE
recommendation_24646,goodreads_4196,FALSE
recommendation_221796,goodreads_31344,FALSE
recommendation_4791,goodreads_536,FALSE
recommendation_146258,goodreads_4303,TRUE
recommendation_253410,goodreads_47248,FALSE
recommendation_37359,goodreads_53310,TRUE
recommendation_42189,goodreads_29434,TRUE
recommendation_66307,goodreads_1649,TRUE
recommendation_49455,goodreads_3507,TRUE
recommendation_199096,goodreads_8875,FALSE
recommendation_3631,goodreads_44561,TRUE
recommendation_39160,goodreads_7519,TRUE
recommendation_148390,goodreads_4674,TRUE
recommendation_143288,goodreads_9690,FALSE
recommendation_84461,goodreads_35238,TRUE
recommendation_48609,goodreads_9463,TRUE
recommendation_126316,goodreads_36752,TRUE
recommendation_33387,goodreads_715,TRUE
recommendation_16066,goodreads_34773,TRUE
recommendation_59716,goodreads_48438,TRUE
recommendation_3572,goodreads_23366,FALSE
recommendation_5428,goodreads_36845,TRUE
recommendation_86497,goodreads_6772,FALSE
recommendation_102474,goodreads_12396,FALSE
recommendation_14489,goodreads_11293,TRUE
recommendation_137183,goodreads_14122,FALSE
recommendation_8155,goodreads_3828,FALSE
recommendation_72828,goodreads_5955,FALSE
recommendation_270181,goodreads_29685,TRUE
recommendation_6766,goodreads_43564,FALSE
recommendation_6236,goodreads_13298,TRUE
recommendation_10172,goodreads_2531,TRUE
recommendation_22008,goodreads_886,TRUE
recommendation_22292,goodreads_4469,TRUE
recommendation_88298,goodreads_6884,FALSE
recommendation_219253,goodreads_34568,TRUE
recommendation_60387,goodreads_33801,TRUE
recommendation_252133,goodreads_8628,FALSE
recommendation_52579,goodreads_9555,TRUE
recommendation_28299,goodreads_1426,TRUE
recommendation_72082,goodreads_4564,TRUE
recommendation_98002,goodreads_8260,TRUE
recommendation_213928,goodreads_26734,TRUE
recommendation_127625,goodreads_14172,TRUE
recommendation_4018,goodreads_8691,TRUE
recommendation_234265,goodreads_38351,TRUE
recommendation_52672,goodreads_12489,TRUE
recommendation_162010,goodreads_42466,TRUE
recommendation_12836,goodreads_754,TRUE
recommendation_184613,goodreads_4176,TRUE
recommendation_3754,goodreads_346,TRUE
recommendation_18403,goodreads_2082,TRUE
recommendation_187704,goodreads_51728,FALSE
recommendation_35866,goodreads_4471,FALSE
recommendation_249117,goodreads_20899,TRUE
recommendation_208805,goodreads_44501,TRUE
recommendation_103862,goodreads_47787,FALSE
recommendation_72907,goodreads_5466,TRUE
recommendation_26696,goodreads_5078,TRUE
recommendation_22417,goodreads_16113,TRUE
recommendation_2295,goodreads_5207,TRUE
recommendation_212693,goodreads_15802,FALSE
recommendation_187670,goodreads_7138,FALSE
recommendation_21160,goodreads_467,FALSE
recommendation_5150,goodreads_30614,FALSE
recommendation_67567,goodreads_30044,FALSE
recommendation_46593,goodreads_605,TRUE
recommendation_143535,goodreads_23263,TRUE
recommendation_59626,goodreads_63,TRUE
recommendation_56181,goodreads_52747,TRUE
recommendation_1580,goodreads_4937,TRUE
recommendation_55660,goodreads_15785,TRUE
recommendation_205317,goodreads_34531,TRUE
recommendation_258437,goodreads_20801,TRUE
recommendation_237977,goodreads_5289,TRUE
recommendation_231127,goodreads_53994,TRUE
recommendation_125559,goodreads_16085,TRUE
recommendation_17927,goodreads_35378,FALSE
recommendation_93579,goodreads_48996,FALSE
recommendation_24214,goodreads_5887,FALSE
recommendation_207440,goodreads_44305,TRUE
recommendation_115712,goodreads_53442,FALSE
recommendation_231751,goodreads_39106,FALSE
recommendation_232514,goodreads_44880,FALSE
recommendation_12743,goodreads_19066,FALSE
recommendation_6038,goodreads_3942,FALSE
recommendation_4467,goodreads_342,TRUE
recommendation_196445,goodreads_6345,FALSE
recommendation_24016,goodreads_7985,FALSE
recommendation_9857,goodreads_12709,FALSE
recommendation_64027,goodreads_9107,FALSE
recommendation_43233,goodreads_44529,FALSE
recommendation_31841,goodreads_21225,FALSE
recommendation_59655,goodreads_50724,TRUE
recommendation_22177,goodreads_6541,TRUE
recommendation_3761,goodreads_28602,TRUE
recommendation_15320,goodreads_4511,FALSE
recommendation_113399,goodreads_14421,FALSE
recommendation_134200,goodreads_52401,TRUE
recommendation_177622,goodreads_48839,TRUE
recommendation_26256,goodreads_52491,TRUE
recommendation_7576,goodreads_46422,FALSE
recommendation_59426,goodreads_50245,TRUE
recommendation_237703,goodreads_45403,FALSE
recommendation_180614,goodreads_439,FALSE
recommendation_270498,goodreads_17558,TRUE
recommendation_16182,goodreads_112,TRUE
recommendation_273,goodreads_288,TRUE
recommendation_6814,goodreads_15274,TRUE
recommendation_67045,goodreads_51556,TRUE
recommendation_44888,goodreads_5125,TRUE
recommendation_55997,goodreads_13275,TRUE
recommendation_41548,goodreads_52415,TRUE
recommendation_63264,goodreads_2289,FALSE
recommendation_200033,goodreads_44325,TRUE
recommendation_51632,goodreads_7310,FALSE
recommendation_236417,goodreads_49375,TRUE
recommendation_93658,goodreads_8359,FALSE
recommendation_139713,goodreads_26120,TRUE
recommendation_177442,goodreads_10555,FALSE
recommendation_39329,goodreads_1223,TRUE
recommendation_172455,goodreads_2259,FALSE
recommendation_39760,goodreads_514,FALSE
recommendation_187524,goodreads_12131,FALSE
recommendation_202447,goodreads_34059,FALSE
recommendation_63533,goodreads_589,FALSE
recommendation_7145,goodreads_40256,TRUE
recommendation_889,goodreads_897,TRUE
recommendation_5283,goodreads_36145,TRUE
recommendation_223502,goodreads_52794,TRUE
recommendation_202879,goodreads_36141,FALSE
recommendation_7967,goodreads_14758,TRUE
recommendation_15523,goodreads_41023,TRUE
recommendation_64365,goodreads_12828,TRUE
recommendation_60685,goodreads_25182,FALSE
recommendation_12045,goodreads_48945,TRUE
recommendation_21133,goodreads_145,TRUE
recommendation_215958,goodreads_30621,FALSE
recommendation_101379,goodreads_39461,FALSE
recommendation_110416,goodreads_45106,FALSE
recommendation_193803,goodreads_28210,FALSE
recommendation_173950,goodreads_13427,FALSE
recommendation_37954,goodreads_18755,TRUE
recommendation_1822,goodreads_7128,TRUE
recommendation_31082,goodreads_28300,FALSE
recommendation_103216,goodreads_36194,TRUE
recommendation_3813,goodreads_4613,TRUE
recommendation_67212,goodreads_2797,TRUE
recommendation_47112,goodreads_618,FALSE
recommendation_13259,goodreads_11599,FALSE
recommendation_40974,goodreads_49653,FALSE
recommendation_179322,goodreads_29224,FALSE
recommendation_71379,goodreads_125,FALSE
recommendation_73022,goodreads_40064,TRUE
recommendation_103427,goodreads_54277,FALSE
recommendation_263765,goodreads_5693,FALSE
recommendation_198416,goodreads_7134,TRUE
recommendation_218610,goodreads_720,TRUE
recommendation_14893,goodreads_37641,FALSE
recommendation_36191,goodreads_30878,FALSE
recommendation_13237,goodreads_23294,TRUE
recommendation_111172,goodreads_916,TRUE
recommendation_36643,goodreads_40155,FALSE
recommendation_107098,goodreads_2742,FALSE
recommendation_5990,goodreads_15827,TRUE
recommendation_17672,goodreads_4799,FALSE
recommendation_11143,goodreads_9104,TRUE
recommendation_84227,goodreads_1032,TRUE
recommendation_82764,goodreads_1345,TRUE
recommendation_76,goodreads_419,TRUE
recommendation_4199,goodreads_3155,TRUE
recommendation_1353,goodreads_9984,TRUE
recommendation_15450,goodreads_176,TRUE
recommendation_80109,goodreads_11438,TRUE
recommendation_223792,goodreads_52495,FALSE
recommendation_55619,goodreads_3646,FALSE
recommendation_13499,goodreads_38384,TRUE
recommendation_10811,goodreads_464,FALSE
recommendation_255327,goodreads_2569,FALSE
recommendation_175671,goodreads_2929,FALSE
recommendation_88939,goodreads_16018,TRUE
recommendation_28642,goodreads_22649,FALSE
recommendation_31135,goodreads_50830,TRUE
recommendation_80043,goodreads_6189,TRUE
recommendation_470,goodreads_127,TRUE
recommendation_79771,goodreads_533,FALSE
recommendation_8027,goodreads_2031,FALSE
recommendation_41178,goodreads_144,FALSE
recommendation_183603,goodreads_49470,FALSE
recommendation_254689,goodreads_46641,FALSE
recommendation_71435,goodreads_12255,TRUE
recommendation_118318,goodreads_15954,TRUE
recommendation_215534,goodreads_35716,FALSE
recommendation_166930,goodreads_16971,FALSE
recommendation_42431,goodreads_49697,FALSE
recommendation_130750,goodreads_17257,FALSE
recommendation_17987,goodreads_46307,FALSE
recommendation_74022,goodreads_27435,FALSE
recommendation_7999,goodreads_89,TRUE
recommendation_44874,goodreads_45543,FALSE
recommendation_106416,goodreads_46216,FALSE
recommendation_35407,goodreads_33175,FALSE
recommendation_141807,goodreads_4572,FALSE
recommendation_1983,goodreads_28,FALSE
recommendation_117749,goodreads_8167,FALSE
recommendation_637,goodreads_43860,FALSE
recommendation_10642,goodreads_10966,FALSE
recommendation_193552,goodreads_10870,FALSE
recommendation_57606,goodreads_51038,FALSE
recommendation_130088,goodreads_49961,FALSE
recommendation_66157,goodreads_26942,TRUE
recommendation_70213,goodreads_6159,TRUE
recommendation_12802,goodreads_7450,TRUE
recommendation_57980,goodreads_47096,TRUE
recommendation_198088,goodreads_14522,TRUE
recommendation_53684,goodreads_13571,TRUE
recommendation_226196,goodreads_14202,FALSE
recommendation_236563,goodreads_29657,FALSE
recommendation_41098,goodreads_4460,FALSE
recommendation_402,goodreads_38961,FALSE
recommendation_29469,goodreads_35094,TRUE
recommendation_311,goodreads_15339,TRUE
recommendation_121948,goodreads_1133,FALSE
recommendation_251712,goodreads_455,FALSE
recommendation_84652,goodreads_50048,TRUE
recommendation_16179,goodreads_40722,TRUE
recommendation_199531,goodreads_23027,FALSE
recommendation_84861,goodreads_12013,TRUE
recommendation_84862,goodreads_11265,TRUE
recommendation_46762,goodreads_25313,TRUE
recommendation_187482,goodreads_35877,TRUE
recommendation_161445,goodreads_44730,FALSE
recommendation_148587,goodreads_49115,FALSE
recommendation_71969,goodreads_13334,FALSE
recommendation_125944,goodreads_22428,FALSE
recommendation_258905,goodreads_35662,FALSE
recommendation_206004,goodreads_8888,FALSE
recommendation_9453,goodreads_220,TRUE
recommendation_208375,goodreads_12397,TRUE
recommendation_78470,goodreads_8352,TRUE
recommendation_171226,goodreads_14336,FALSE
recommendation_97927,goodreads_48830,FALSE
recommendation_185077,goodreads_46853,TRUE
recommendation_124185,goodreads_11813,FALSE
recommendation_15566,goodreads_40914,TRUE
recommendation_7530,goodreads_6752,TRUE
recommendation_8451,goodreads_46783,TRUE
recommendation_55712,goodreads_44467,TRUE
recommendation_26565,goodreads_3938,FALSE
recommendation_66367,goodreads_35784,TRUE
recommendation_6390,goodreads_37551,FALSE
recommendation_167276,goodreads_31510,FALSE
recommendation_21198,goodreads_3886,FALSE
recommendation_29550,goodreads_23920,FALSE
recommendation_110351,goodreads_12308,FALSE
recommendation_87858,goodreads_880,TRUE
recommendation_252409,goodreads_14738,TRUE
recommendation_213878,goodreads_5778,FALSE
recommendation_102122,goodreads_9654,FALSE
recommendation_195737,goodreads_37743,TRUE
recommendation_2130,goodreads_13097,FALSE
recommendation_6024,goodreads_3326,TRUE
recommendation_33341,goodreads_181,TRUE
recommendation_232927,goodreads_16116,FALSE
recommendation_35782,goodreads_7009,TRUE
recommendation_32119,goodreads_9574,TRUE
recommendation_152414,goodreads_35726,TRUE
recommendation_135072,goodreads_6052,TRUE
recommendation_34260,goodreads_4863,TRUE
recommendation_86201,goodreads_8924,FALSE
recommendation_29004,goodreads_1888,FALSE
recommendation_13019,goodreads_27987,TRUE
recommendation_52165,goodreads_50982,TRUE
recommendation_58256,goodreads_51542,TRUE
recommendation_193604,goodreads_51419,TRUE
recommendation_193615,goodreads_51292,TRUE
recommendation_84752,goodreads_49428,TRUE
recommendation_142975,goodreads_47694,TRUE
recommendation_53512,goodreads_7103,FALSE
recommendation_90589,goodreads_14631,TRUE
recommendation_45442,goodreads_1927,TRUE
recommendation_64059,goodreads_5129,TRUE
recommendation_203367,goodreads_13434,TRUE
recommendation_36778,goodreads_25585,TRUE
recommendation_40008,goodreads_24,FALSE
recommendation_128084,goodreads_6957,FALSE
recommendation_208984,goodreads_14473,TRUE
recommendation_11001,goodreads_25824,FALSE
recommendation_22294,goodreads_1679,FALSE
recommendation_47313,goodreads_4943,FALSE
recommendation_156699,goodreads_22254,TRUE
recommendation_174160,goodreads_37746,FALSE
recommendation_105411,goodreads_2825,FALSE
recommendation_51909,goodreads_8879,TRUE
recommendation_4972,goodreads_44779,FALSE
recommendation_60123,goodreads_15458,TRUE
recommendation_627,goodreads_52663,TRUE
recommendation_37996,goodreads_9774,TRUE
recommendation_89887,goodreads_45661,FALSE
recommendation_205194,goodreads_43130,FALSE
recommendation_10804,goodreads_8108,TRUE
recommendation_8171,goodreads_7924,TRUE
recommendation_212914,goodreads_11819,FALSE
recommendation_158085,goodreads_46507,TRUE
recommendation_166120,goodreads_44390,FALSE
recommendation_203062,goodreads_54048,FALSE
recommendation_51067,goodreads_7906,FALSE
recommendation_236259,goodreads_4816,FALSE
recommendation_9900,goodreads_51240,FALSE
recommendation_25601,goodreads_3431,FALSE
recommendation_176277,goodreads_42939,FALSE
recommendation_157706,goodreads_12173,TRUE
recommendation_121667,goodreads_23209,TRUE
recommendation_18961,goodreads_46978,TRUE
recommendation_41667,goodreads_8079,TRUE
recommendation_81130,goodreads_30837,FALSE
recommendation_174532,goodreads_969,TRUE
recommendation_40009,goodreads_6835,FALSE
recommendation_122616,goodreads_6546,TRUE
recommendation_82597,goodreads_20633,TRUE
recommendation_32460,goodreads_252,TRUE
recommendation_6881,goodreads_11641,TRUE
recommendation_6880,goodreads_2648,TRUE
recommendation_6884,goodreads_32188,TRUE
recommendation_37913,goodreads_4713,TRUE
recommendation_137468,goodreads_5479,TRUE
recommendation_6882,goodreads_5176,TRUE
recommendation_262673,goodreads_28313,TRUE
recommendation_21764,goodreads_25437,FALSE
recommendation_3981,goodreads_51598,FALSE
recommendation_36734,goodreads_336,TRUE
recommendation_51961,goodreads_933,TRUE
recommendation_184676,goodreads_3152,FALSE
recommendation_52307,goodreads_2730,TRUE
recommendation_6778,goodreads_7051,FALSE
recommendation_32880,goodreads_51355,FALSE
recommendation_12452,goodreads_8679,FALSE
recommendation_219301,goodreads_54242,FALSE
recommendation_20124,goodreads_4458,FALSE
recommendation_129174,goodreads_1200,FALSE
recommendation_7433,goodreads_11596,FALSE
recommendation_111436,goodreads_12541,TRUE
recommendation_115789,goodreads_17570,TRUE
recommendation_211370,goodreads_25942,TRUE
recommendation_27311,goodreads_35834,TRUE
recommendation_55342,goodreads_43868,TRUE
recommendation_66336,goodreads_10595,TRUE
recommendation_6114,goodreads_13403,FALSE
recommendation_2609,goodreads_502,FALSE
recommendation_362,goodreads_381,TRUE
recommendation_68848,goodreads_49289,TRUE
recommendation_419,goodreads_9170,TRUE
recommendation_20153,goodreads_45021,TRUE
recommendation_61950,goodreads_47095,FALSE
recommendation_49096,goodreads_44443,FALSE
recommendation_25947,goodreads_29503,FALSE
recommendation_142847,goodreads_50876,FALSE
recommendation_114294,goodreads_10240,TRUE
recommendation_33589,goodreads_14427,FALSE
recommendation_219772,goodreads_34832,FALSE
recommendation_133580,goodreads_21554,FALSE
recommendation_78423,goodreads_47324,TRUE
recommendation_102446,goodreads_9025,FALSE
recommendation_270615,goodreads_43445,FALSE
recommendation_196538,goodreads_19607,FALSE
recommendation_16659,goodreads_2745,TRUE
recommendation_78286,goodreads_7067,FALSE
recommendation_206033,goodreads_25806,FALSE
recommendation_63950,goodreads_46948,TRUE
recommendation_210077,goodreads_38723,FALSE
recommendation_19973,goodreads_41236,FALSE
recommendation_169421,goodreads_34267,TRUE
recommendation_86846,goodreads_19869,TRUE
recommendation_25574,goodreads_44055,FALSE
recommendation_80620,goodreads_22278,FALSE
recommendation_51439,goodreads_4096,TRUE
recommendation_54318,goodreads_46662,TRUE
recommendation_62852,goodreads_34082,TRUE
recommendation_237640,goodreads_39227,TRUE
recommendation_2091,goodreads_1407,FALSE
recommendation_31891,goodreads_27117,FALSE
recommendation_129024,goodreads_8742,FALSE
recommendation_203470,goodreads_5886,TRUE
recommendation_158860,goodreads_49065,FALSE
recommendation_168116,goodreads_10199,TRUE
recommendation_122264,goodreads_4745,FALSE
recommendation_140271,goodreads_11779,FALSE
recommendation_261415,goodreads_41365,FALSE
recommendation_16850,goodreads_24417,TRUE
recommendation_13312,goodreads_5835,FALSE
recommendation_90452,goodreads_20009,FALSE
recommendation_217757,goodreads_45549,FALSE
recommendation_95477,goodreads_42433,TRUE
recommendation_127694,goodreads_40110,FALSE
recommendation_23384,goodreads_53016,FALSE
recommendation_27616,goodreads_48552,FALSE
recommendation_220293,goodreads_50049,TRUE
recommendation_122102,goodreads_51947,TRUE
recommendation_17545,goodreads_48809,FALSE
recommendation_15055,goodreads_48508,FALSE
recommendation_145058,goodreads_11613,FALSE
recommendation_156473,goodreads_45899,TRUE
recommendation_36892,goodreads_46160,TRUE
recommendation_14550,goodreads_4451,FALSE
recommendation_218668,goodreads_45966,FALSE
recommendation_52928,goodreads_41053,TRUE
recommendation_8698,goodreads_3028,TRUE
recommendation_193111,goodreads_3451,TRUE
recommendation_37951,goodreads_1637,TRUE
recommendation_57971,goodreads_53156,TRUE
recommendation_100740,goodreads_5181,TRUE
recommendation_105650,goodreads_48955,TRUE
recommendation_249750,goodreads_8567,TRUE
recommendation_165466,goodreads_41499,TRUE
recommendation_140830,goodreads_53466,TRUE
recommendation_6937,goodreads_4342,TRUE
recommendation_1432,goodreads_222,TRUE
recommendation_62853,goodreads_32992,TRUE
recommendation_4042,goodreads_296,TRUE
recommendation_173179,goodreads_47736,TRUE
recommendation_6513,goodreads_759,TRUE
recommendation_117039,goodreads_50752,TRUE
recommendation_143829,goodreads_15108,TRUE
recommendation_27578,goodreads_19461,TRUE
recommendation_27549,goodreads_39749,TRUE
recommendation_21485,goodreads_409,TRUE
recommendation_30463,goodreads_43718,TRUE
recommendation_165054,goodreads_6523,TRUE
recommendation_72174,goodreads_113,TRUE
recommendation_3915,goodreads_1443,TRUE
recommendation_82510,goodreads_104,TRUE
recommendation_34076,goodreads_156,TRUE
recommendation_3916,goodreads_1277,TRUE
recommendation_234570,goodreads_51,TRUE
recommendation_24980,goodreads_9813,TRUE
recommendation_40576,goodreads_49155,FALSE
recommendation_7026,goodreads_53617,FALSE
recommendation_4357,goodreads_23886,TRUE
recommendation_25669,goodreads_43278,TRUE
recommendation_66306,goodreads_28795,TRUE
recommendation_84790,goodreads_50692,TRUE
recommendation_23692,goodreads_35759,TRUE
recommendation_125920,goodreads_52118,TRUE
recommendation_35603,goodreads_52070,TRUE
recommendation_78424,goodreads_2030,FALSE
recommendation_57059,goodreads_1342,TRUE
recommendation_317,goodreads_25768,FALSE
