recommendation_55650,goodreads_44716,TRUE
recommendation_18817,goodreads_11051,TRUE
recommendation_43755,goodreads_26788,TRUE
recommendation_57663,goodreads_29282,TRUE
recommendation_41284,goodreads_39681,TRUE
recommendation_170779,goodreads_50649,FALSE
recommendation_22593,goodreads_23342,FALSE
recommendation_176534,goodreads_30410,FALSE
recommendation_244960,goodreads_1420,FALSE
recommendation_214820,goodreads_4977,FALSE
recommendation_176255,goodreads_7872,FALSE
recommendation_39478,goodreads_2395,FALSE
recommendation_245767,goodreads_491,FALSE
recommendation_255494,goodreads_12425,TRUE
recommendation_207225,goodreads_14261,FALSE
recommendation_209411,goodreads_48176,FALSE
recommendation_67791,goodreads_13780,FALSE
recommendation_10169,goodreads_13644,FALSE
recommendation_117001,goodreads_10900,FALSE
recommendation_4524,goodreads_2428,FALSE
recommendation_19372,goodreads_2604,TRUE
recommendation_139242,goodreads_52552,FALSE
recommendation_8319,goodreads_14931,TRUE
recommendation_86137,goodreads_52999,TRUE
recommendation_119805,goodreads_52264,FALSE
recommendation_30955,goodreads_28247,FALSE
recommendation_42473,goodreads_5899,FALSE
recommendation_41733,goodreads_7056,FALSE
recommendation_154526,goodreads_18968,TRUE
recommendation_39526,goodreads_38949,TRUE
recommendation_2800,goodreads_35997,TRUE
recommendation_8310,goodreads_6736,TRUE
recommendation_208040,goodreads_2236,TRUE
recommendation_63644,goodreads_13265,TRUE
recommendation_4107,goodreads_31501,FALSE
recommendation_2747,goodreads_14000,TRUE
recommendation_39778,goodreads_6077,TRUE
recommendation_71476,goodreads_14583,FALSE
recommendation_28450,goodreads_57,TRUE
recommendation_98087,goodreads_53199,TRUE
recommendation_23107,goodreads_35853,FALSE
recommendation_3015,goodreads_21230,FALSE
recommendation_8952,goodreads_632,FALSE
recommendation_228854,goodreads_29422,FALSE
recommendation_21646,goodreads_10288,TRUE
recommendation_4342,goodreads_5569,TRUE
recommendation_1679,goodreads_35181,TRUE
recommendation_17722,goodreads_384,FALSE
recommendation_7198,goodreads_13504,FALSE
recommendation_56928,goodreads_34786,TRUE
recommendation_180106,goodreads_19612,FALSE
recommendation_154902,goodreads_11043,TRUE
recommendation_77713,goodreads_3184,TRUE
recommendation_114023,goodreads_2132,FALSE
recommendation_24646,goodreads_4196,FALSE
recommendation_221796,goodreads_31344,FALSE
recommendation_4791,goodreads_536,FALSE
recommendation_146258,goodreads_4303,TRUE
recommendation_253410,goodreads_47248,FALSE
recommendation_37359,goodreads_53310,TRUE
recommendation_42189,goodreads_29434,TRUE
recommendation_66307,goodreads_1649,TRUE
recommendation_49455,goodreads_3507,TRUE
recommendation_199096,goodreads_8875,FALSE
recommendation_3631,goodreads_44561,TRUE
recommendation_39160,goodreads_7519,TRUE
recommendation_148390,goodreads_4674,TRUE
recommendation_143288,goodreads_9690,FALSE
recommendation_84461,goodreads_35238,TRUE
recommendation_48609,goodreads_9463,TRUE
recommendation_126316,goodreads_36752,TRUE
recommendation_33387,goodreads_715,TRUE
recommendation_16066,goodreads_34773,TRUE
recommendation_59716,goodreads_48438,TRUE
recommendation_3572,goodreads_23366,FALSE
recommendation_5428,goodreads_36845,TRUE
recommendation_86497,goodreads_6772,FALSE
recommendation_102474,goodreads_12396,FALSE
recommendation_14489,goodreads_11293,TRUE
recommendation_137183,goodreads_14122,FALSE
recommendation_8155,goodreads_3828,FALSE
recommendation_72828,goodreads_5955,FALSE
recommendation_270181,goodreads_29685,TRUE
recommendation_6766,goodreads_43564,FALSE
recommendation_6236,goodreads_13298,TRUE
recommendation_10172,goodreads_2531,TRUE
recommendation_22008,goodreads_886,TRUE
recommendation_22292,goodreads_4469,TRUE
recommendation_88298,goodreads_6884,FALSE
recommendation_219253,goodreads_34568,TRUE
recommendation_60387,goodreads_33801,TRUE
recommendation_252133,goodreads_8628,FALSE
recommendation_52579,goodreads_9555,TRUE
recommendation_28299,goodreads_1426,TRUE
recommendation_72082,goodreads_4564,TRUE
recommendation_98002,goodreads_8260,TRUE
recommendation_213928,goodreads_26734,TRUE
recommendation_127625,goodreads_14172,TRUE
recommendation_4018,goodreads_8691,TRUE
recommendation_234265,goodreads_38351,TRUE
recommendation_52672,goodreads_12489,TRUE
recommendation_162010,goodreads_42466,TRUE
recommendation_12836,goodreads_754,TRUE
recommendation_184613,goodreads_4176,TRUE
recommendation_3754,goodreads_346,TRUE
recommendation_18403,goodreads_2082,TRUE
recommendation_187704,goodreads_51728,FALSE
recommendation_35866,goodreads_4471,FALSE
recommendation_249117,goodreads_20899,TRUE
recommendation_208805,goodreads_44501,TRUE
recommendation_103862,goodreads_47787,FALSE
recommendation_72907,goodreads_5466,TRUE
recommendation_26696,goodreads_5078,TRUE
recommendation_22417,goodreads_16113,TRUE
recommendation_2295,goodreads_5207,TRUE
recommendation_212693,goodreads_15802,FALSE
recommendation_187670,goodreads_7138,FALSE
recommendation_21160,goodreads_467,FALSE
recommendation_5150,goodreads_30614,FALSE
recommendation_67567,goodreads_30044,FALSE
recommendation_46593,goodreads_605,TRUE
recommendation_143535,goodreads_23263,TRUE
recommendation_59626,goodreads_63,TRUE
recommendation_56181,goodreads_52747,TRUE
recommendation_1580,goodreads_4937,TRUE
recommendation_55660,goodreads_15785,TRUE
recommendation_205317,goodreads_34531,TRUE
recommendation_258437,goodreads_20801,TRUE
recommendation_237977,goodreads_5289,TRUE
recommendation_231127,goodreads_53994,TRUE
recommendation_125559,goodreads_16085,TRUE
recommendation_17927,goodreads_35378,FALSE
recommendation_93579,goodreads_48996,FALSE
recommendation_24214,goodreads_5887,FALSE
recommendation_207440,goodreads_44305,TRUE
recommendation_115712,goodreads_53442,FALSE
recommendation_231751,goodreads_39106,FALSE
recommendation_232514,goodreads_44880,FALSE
recommendation_12743,goodreads_19066,FALSE
recommendation_6038,goodreads_3942,FALSE
recommendation_4467,goodreads_342,TRUE
recommendation_196445,goodreads_6345,FALSE
recommendation_24016,goodreads_7985,FALSE
recommendation_9857,goodreads_12709,FALSE
recommendation_64027,goodreads_9107,FALSE
recommendation_43233,goodreads_44529,FALSE
recommendation_31841,goodreads_21225,FALSE
recommendation_59655,goodreads_50724,TRUE
recommendation_22177,goodreads_6541,TRUE
recommendation_3761,goodreads_28602,TRUE
recommendation_15320,goodreads_4511,FALSE
recommendation_113399,goodreads_14421,FALSE
recommendation_134200,goodreads_52401,TRUE
recommendation_177622,goodreads_48839,TRUE
recommendation_26256,goodreads_52491,TRUE
recommendation_7576,goodreads_46422,FALSE
recommendation_59426,goodreads_50245,TRUE
recommendation_237703,goodreads_45403,FALSE
recommendation_180614,goodreads_439,FALSE
recommendation_270498,goodreads_17558,TRUE
recommendation_16182,goodreads_112,TRUE
recommendation_273,goodreads_288,TRUE
recommendation_6814,goodreads_15274,TRUE
recommendation_67045,goodreads_51556,TRUE
recommendation_44888,goodreads_5125,TRUE
recommendation_55997,goodreads_13275,TRUE
recommendation_41548,goodreads_52415,TRUE
recommendation_63264,goodreads_2289,FALSE
recommendation_200033,goodreads_44325,TRUE
recommendation_51632,goodreads_7310,FALSE
recommendation_236417,goodreads_49375,TRUE
recommendation_93658,goodreads_8359,FALSE
recommendation_139713,goodreads_26120,TRUE
recommendation_177442,goodreads_10555,FALSE
recommendation_39329,goodreads_1223,TRUE
recommendation_172455,goodreads_2259,FALSE
recommendation_39760,goodreads_514,FALSE
recommendation_187524,goodreads_12131,FALSE
recommendation_202447,goodreads_34059,FALSE
recommendation_63533,goodreads_589,FALSE
recommendation_7145,goodreads_40256,TRUE
recommendation_889,goodreads_897,TRUE
recommendation_5283,goodreads_36145,TRUE
recommendation_223502,goodreads_52794,TRUE
recommendation_202879,goodreads_36141,FALSE
recommendation_7967,goodreads_14758,TRUE
recommendation_15523,goodreads_41023,TRUE
recommendation_64365,goodreads_12828,TRUE
recommendation_60685,goodreads_25182,FALSE
recommendation_12045,goodreads_48945,TRUE
recommendation_21133,goodreads_145,TRUE
recommendation_215958,goodreads_30621,FALSE
recommendation_101379,goodreads_39461,FALSE
recommendation_110416,goodreads_45106,FALSE
recommendation_193803,goodreads_28210,FALSE
recommendation_173950,goodreads_13427,FALSE
recommendation_37954,goodreads_18755,TRUE
recommendation_1822,goodreads_7128,TRUE
recommendation_31082,goodreads_28300,FALSE
recommendation_103216,goodreads_36194,TRUE
recommendation_3813,goodreads_4613,TRUE
recommendation_67212,goodreads_2797,TRUE
recommendation_47112,goodreads_618,FALSE
recommendation_13259,goodreads_11599,FALSE
recommendation_40974,goodreads_49653,FALSE
recommendation_179322,goodreads_29224,FALSE
recommendation_71379,goodreads_125,FALSE
recommendation_73022,goodreads_40064,TRUE
recommendation_103427,goodreads_54277,FALSE
recommendation_263765,goodreads_5693,FALSE
recommendation_198416,goodreads_7134,TRUE
recommendation_218610,goodreads_720,TRUE
recommendation_14893,goodreads_37641,FALSE
recommendation_36191,goodreads_30878,FALSE
recommendation_13237,goodreads_23294,TRUE
recommendation_111172,goodreads_916,TRUE
recommendation_36643,goodreads_40155,FALSE
recommendation_107098,goodreads_2742,FALSE
recommendation_5990,goodreads_15827,TRUE
recommendation_17672,goodreads_4799,FALSE
recommendation_11143,goodreads_9104,TRUE
recommendation_84227,goodreads_1032,TRUE
recommendation_82764,goodreads_1345,TRUE
recommendation_76,goodreads_419,TRUE
recommendation_4199,goodreads_3155,TRUE
recommendation_1353,goodreads_9984,TRUE
recommendation_15450,goodreads_176,TRUE
recommendation_80109,goodreads_11438,TRUE
recommendation_223792,goodreads_52495,FALSE
recommendation_55619,goodreads_3646,FALSE
recommendation_13499,goodreads_38384,TRUE
recommendation_10811,goodreads_464,FALSE
recommendation_255327,goodreads_2569,FALSE
recommendation_175671,goodreads_2929,FALSE
recommendation_88939,goodreads_16018,TRUE
recommendation_28642,goodreads_22649,FALSE
recommendation_31135,goodreads_50830,TRUE
recommendation_80043,goodreads_6189,TRUE
recommendation_470,goodreads_127,TRUE
recommendation_79771,goodreads_533,FALSE
recommendation_8027,goodreads_2031,FALSE
recommendation_41178,goodreads_144,FALSE
recommendation_183603,goodreads_49470,FALSE
recommendation_254689,goodreads_46641,FALSE
recommendation_71435,goodreads_12255,TRUE
recommendation_118318,goodreads_15954,TRUE
recommendation_215534,goodreads_35716,FALSE
recommendation_166930,goodreads_16971,FALSE
recommendation_42431,goodreads_49697,FALSE
recommendation_130750,goodreads_17257,FALSE
recommendation_17987,goodreads_46307,FALSE
recommendation_74022,goodreads_27435,FALSE
recommendation_7999,goodreads_89,TRUE
recommendation_44874,goodreads_45543,FALSE
recommendation_106416,goodreads_46216,FALSE
recommendation_35407,goodreads_33175,FALSE
recommendation_141807,goodreads_4572,FALSE
recommendation_1983,goodreads_28,FALSE
recommendation_117749,goodreads_8167,FALSE
recommendation_637,goodreads_43860,FALSE
recommendation_10642,goodreads_10966,FALSE
recommendation_193552,goodreads_10870,FALSE
recommendation_57606,goodreads_51038,FALSE
recommendation_130088,goodreads_49961,FALSE
recommendation_66157,goodreads_26942,TRUE
recommendation_70213,goodreads_6159,TRUE
recommendation_12802,goodreads_7450,TRUE
recommendation_57980,goodreads_47096,TRUE
recommendation_198088,goodreads_14522,TRUE
recommendation_53684,goodreads_13571,TRUE
recommendation_226196,goodreads_14202,FALSE
recommendation_236563,goodreads_29657,FALSE
recommendation_41098,goodreads_4460,FALSE
recommendation_402,goodreads_38961,FALSE
recommendation_29469,goodreads_35094,TRUE
recommendation_311,goodreads_15339,TRUE
recommendation_121948,goodreads_1133,FALSE
recommendation_251712,goodreads_455,FALSE
recommendation_84652,goodreads_50048,TRUE
recommendation_16179,goodreads_40722,TRUE
recommendation_199531,goodreads_23027,FALSE
recommendation_84861,goodreads_12013,TRUE
recommendation_84862,goodreads_11265,TRUE
recommendation_46762,goodreads_25313,TRUE
recommendation_187482,goodreads_35877,TRUE
recommendation_161445,goodreads_44730,FALSE
recommendation_148587,goodreads_49115,FALSE
recommendation_71969,goodreads_13334,FALSE
recommendation_125944,goodreads_22428,FALSE
recommendation_258905,goodreads_35662,FALSE
recommendation_206004,goodreads_8888,FALSE
recommendation_9453,goodreads_220,TRUE
recommendation_208375,goodreads_12397,TRUE
recommendation_78470,goodreads_8352,TRUE
recommendation_171226,goodreads_14336,FALSE
recommendation_97927,goodreads_48830,FALSE
recommendation_185077,goodreads_46853,TRUE
recommendation_124185,goodreads_11813,FALSE
recommendation_15566,goodreads_40914,TRUE
recommendation_7530,goodreads_6752,TRUE
recommendation_8451,goodreads_46783,TRUE
recommendation_55712,goodreads_44467,TRUE
recommendation_26565,goodreads_3938,FALSE
recommendation_66367,goodreads_35784,TRUE
recommendation_6390,goodreads_37551,FALSE
recommendation_167276,goodreads_31510,FALSE
recommendation_21198,goodreads_3886,FALSE
recommendation_29550,goodreads_23920,FALSE
recommendation_110351,goodreads_12308,FALSE
recommendation_87858,goodreads_880,TRUE
recommendation_252409,goodreads_14738,TRUE
recommendation_213878,goodreads_5778,FALSE
recommendation_102122,goodreads_9654,FALSE
recommendation_195737,goodreads_37743,TRUE
recommendation_2130,goodreads_13097,FALSE
recommendation_6024,goodreads_3326,TRUE
recommendation_33341,goodreads_181,TRUE
recommendation_232927,goodreads_16116,FALSE
recommendation_35782,goodreads_7009,TRUE
recommendation_32119,goodreads_9574,TRUE
recommendation_152414,goodreads_35726,TRUE
recommendation_135072,goodreads_6052,TRUE
recommendation_34260,goodreads_4863,TRUE
recommendation_86201,goodreads_8924,FALSE
recommendation_29004,goodreads_1888,FALSE
recommendation_13019,goodreads_27987,TRUE
recommendation_52165,goodreads_50982,TRUE
recommendation_58256,goodreads_51542,TRUE
recommendation_193604,goodreads_51419,TRUE
recommendation_193615,goodreads_51292,TRUE
recommendation_84752,goodreads_49428,TRUE
recommendation_142975,goodreads_47694,TRUE
recommendation_53512,goodreads_7103,FALSE
recommendation_90589,goodreads_14631,TRUE
recommendation_45442,goodreads_1927,TRUE
recommendation_64059,goodreads_5129,TRUE
recommendation_203367,goodreads_13434,TRUE
recommendation_36778,goodreads_25585,TRUE
recommendation_40008,goodreads_24,FALSE
recommendation_128084,goodreads_6957,FALSE
recommendation_208984,goodreads_14473,TRUE
recommendation_11001,goodreads_25824,FALSE
recommendation_22294,goodreads_1679,FALSE
recommendation_47313,goodreads_4943,FALSE
recommendation_156699,goodreads_22254,TRUE
recommendation_174160,goodreads_37746,FALSE
recommendation_105411,goodreads_2825,FALSE
recommendation_51909,goodreads_8879,TRUE
recommendation_4972,goodreads_44779,FALSE
recommendation_60123,goodreads_15458,TRUE
recommendation_627,goodreads_52663,TRUE
recommendation_37996,goodreads_9774,TRUE
recommendation_89887,goodreads_45661,FALSE
recommendation_205194,goodreads_43130,FALSE
recommendation_10804,goodreads_8108,TRUE
recommendation_8171,goodreads_7924,TRUE
recommendation_212914,goodreads_11819,FALSE
recommendation_158085,goodreads_46507,TRUE
recommendation_166120,goodreads_44390,FALSE
recommendation_203062,goodreads_54048,FALSE
recommendation_51067,goodreads_7906,FALSE
recommendation_236259,goodreads_4816,FALSE
recommendation_9900,goodreads_51240,FALSE
recommendation_25601,goodreads_3431,FALSE
recommendation_176277,goodreads_42939,FALSE
recommendation_157706,goodreads_12173,TRUE
recommendation_121667,goodreads_23209,TRUE
recommendation_18961,goodreads_46978,TRUE
recommendation_41667,goodreads_8079,TRUE
recommendation_81130,goodreads_30837,FALSE
recommendation_174532,goodreads_969,TRUE
recommendation_40009,goodreads_6835,FALSE
recommendation_122616,goodreads_6546,TRUE
recommendation_82597,goodreads_20633,TRUE
recommendation_32460,goodreads_252,TRUE
recommendation_6881,goodreads_11641,TRUE
recommendation_6880,goodreads_2648,TRUE
recommendation_6884,goodreads_32188,TRUE
recommendation_37913,goodreads_4713,TRUE
recommendation_137468,goodreads_5479,TRUE
recommendation_6882,goodreads_5176,TRUE
recommendation_262673,goodreads_28313,TRUE
recommendation_21764,goodreads_25437,FALSE
recommendation_3981,goodreads_51598,FALSE
recommendation_36734,goodreads_336,TRUE
recommendation_51961,goodreads_933,TRUE
recommendation_184676,goodreads_3152,FALSE
recommendation_52307,goodreads_2730,TRUE
recommendation_6778,goodreads_7051,FALSE
recommendation_32880,goodreads_51355,FALSE
recommendation_12452,goodreads_8679,FALSE
recommendation_219301,goodreads_54242,FALSE
recommendation_20124,goodreads_4458,FALSE
recommendation_129174,goodreads_1200,FALSE
recommendation_7433,goodreads_11596,FALSE
recommendation_111436,goodreads_12541,TRUE
recommendation_115789,goodreads_17570,TRUE
recommendation_211370,goodreads_25942,TRUE
recommendation_27311,goodreads_35834,TRUE
recommendation_55342,goodreads_43868,TRUE
recommendation_66336,goodreads_10595,TRUE
recommendation_6114,goodreads_13403,FALSE
recommendation_2609,goodreads_502,FALSE
recommendation_362,goodreads_381,TRUE
recommendation_68848,goodreads_49289,TRUE
recommendation_419,goodreads_9170,TRUE
recommendation_20153,goodreads_45021,TRUE
recommendation_61950,goodreads_47095,FALSE
recommendation_49096,goodreads_44443,FALSE
recommendation_25947,goodreads_29503,FALSE
recommendation_142847,goodreads_50876,FALSE
recommendation_114294,goodreads_10240,TRUE
recommendation_33589,goodreads_14427,FALSE
recommendation_219772,goodreads_34832,FALSE
recommendation_133580,goodreads_21554,FALSE
recommendation_78423,goodreads_47324,TRUE
recommendation_102446,goodreads_9025,FALSE
recommendation_270615,goodreads_43445,FALSE
recommendation_196538,goodreads_19607,FALSE
recommendation_16659,goodreads_2745,TRUE
recommendation_78286,goodreads_7067,FALSE
recommendation_206033,goodreads_25806,FALSE
recommendation_63950,goodreads_46948,TRUE
recommendation_210077,goodreads_38723,FALSE
recommendation_19973,goodreads_41236,FALSE
recommendation_169421,goodreads_34267,TRUE
recommendation_86846,goodreads_19869,TRUE
recommendation_25574,goodreads_44055,FALSE
recommendation_80620,goodreads_22278,FALSE
recommendation_51439,goodreads_4096,TRUE
recommendation_54318,goodreads_46662,TRUE
recommendation_62852,goodreads_34082,TRUE
recommendation_237640,goodreads_39227,TRUE
recommendation_2091,goodreads_1407,FALSE
recommendation_31891,goodreads_27117,FALSE
recommendation_129024,goodreads_8742,FALSE
recommendation_203470,goodreads_5886,TRUE
recommendation_158860,goodreads_49065,FALSE
recommendation_168116,goodreads_10199,TRUE
recommendation_122264,goodreads_4745,FALSE
recommendation_140271,goodreads_11779,FALSE
recommendation_261415,goodreads_41365,FALSE
recommendation_16850,goodreads_24417,TRUE
recommendation_13312,goodreads_5835,FALSE
recommendation_90452,goodreads_20009,FALSE
recommendation_217757,goodreads_45549,FALSE
recommendation_95477,goodreads_42433,TRUE
recommendation_127694,goodreads_40110,FALSE
recommendation_23384,goodreads_53016,FALSE
recommendation_27616,goodreads_48552,FALSE
recommendation_220293,goodreads_50049,TRUE
recommendation_122102,goodreads_51947,TRUE
recommendation_17545,goodreads_48809,FALSE
recommendation_15055,goodreads_48508,FALSE
recommendation_145058,goodreads_11613,FALSE
recommendation_156473,goodreads_45899,TRUE
recommendation_36892,goodreads_46160,TRUE
recommendation_14550,goodreads_4451,FALSE
recommendation_218668,goodreads_45966,FALSE
recommendation_52928,goodreads_41053,TRUE
recommendation_8698,goodreads_3028,TRUE
recommendation_193111,goodreads_3451,TRUE
recommendation_37951,goodreads_1637,TRUE
recommendation_57971,goodreads_53156,TRUE
recommendation_100740,goodreads_5181,TRUE
recommendation_105650,goodreads_48955,TRUE
recommendation_249750,goodreads_8567,TRUE
recommendation_165466,goodreads_41499,TRUE
recommendation_140830,goodreads_53466,TRUE
recommendation_6937,goodreads_4342,TRUE
recommendation_1432,goodreads_222,TRUE
recommendation_62853,goodreads_32992,TRUE
recommendation_4042,goodreads_296,TRUE
recommendation_173179,goodreads_47736,TRUE
recommendation_6513,goodreads_759,TRUE
recommendation_117039,goodreads_50752,TRUE
recommendation_143829,goodreads_15108,TRUE
recommendation_27578,goodreads_19461,TRUE
recommendation_27549,goodreads_39749,TRUE
recommendation_21485,goodreads_409,TRUE
recommendation_30463,goodreads_43718,TRUE
recommendation_165054,goodreads_6523,TRUE
recommendation_72174,goodreads_113,TRUE
recommendation_3915,goodreads_1443,TRUE
recommendation_82510,goodreads_104,TRUE
recommendation_34076,goodreads_156,TRUE
recommendation_3916,goodreads_1277,TRUE
recommendation_234570,goodreads_51,TRUE
recommendation_24980,goodreads_9813,TRUE
recommendation_40576,goodreads_49155,FALSE
recommendation_7026,goodreads_53617,FALSE
recommendation_4357,goodreads_23886,TRUE
recommendation_25669,goodreads_43278,TRUE
recommendation_66306,goodreads_28795,TRUE
recommendation_84790,goodreads_50692,TRUE
recommendation_23692,goodreads_35759,TRUE
recommendation_125920,goodreads_52118,TRUE
recommendation_35603,goodreads_52070,TRUE
recommendation_78424,goodreads_2030,FALSE
recommendation_57059,goodreads_1342,TRUE
recommendation_317,goodreads_25768,FALSE
recommendation_59207,goodreads_48902,TRUE
recommendation_15232,goodreads_14116,TRUE
recommendation_220953,goodreads_13553,TRUE
recommendation_22989,goodreads_32267,TRUE
recommendation_188038,goodreads_49683,TRUE
recommendation_119420,goodreads_12038,TRUE
recommendation_135000,goodreads_36765,TRUE
recommendation_211025,goodreads_602,TRUE
recommendation_35561,goodreads_53782,TRUE
recommendation_17928,goodreads_16171,TRUE
recommendation_34838,goodreads_11214,TRUE
recommendation_57488,goodreads_13947,TRUE
recommendation_48480,goodreads_28565,TRUE
recommendation_34077,goodreads_41564,TRUE
recommendation_209617,goodreads_2749,TRUE
recommendation_19056,goodreads_24543,TRUE
recommendation_110888,goodreads_42272,TRUE
recommendation_43150,goodreads_5100,TRUE
recommendation_235448,goodreads_50792,TRUE
recommendation_91157,goodreads_43383,TRUE
recommendation_75520,goodreads_8554,TRUE
recommendation_195305,goodreads_19552,TRUE
recommendation_102230,goodreads_14299,TRUE
recommendation_235343,goodreads_28009,TRUE
recommendation_98995,goodreads_13849,TRUE
recommendation_238812,goodreads_22698,TRUE
recommendation_205216,goodreads_42972,TRUE
recommendation_57081,goodreads_42558,TRUE
recommendation_43093,goodreads_24841,TRUE
recommendation_86922,goodreads_38707,TRUE
recommendation_233815,goodreads_5464,TRUE
recommendation_88083,goodreads_14464,TRUE
recommendation_181493,goodreads_3308,TRUE
recommendation_158124,goodreads_52448,TRUE
recommendation_34263,goodreads_11935,TRUE
recommendation_190608,goodreads_9790,TRUE
recommendation_238808,goodreads_8233,TRUE
recommendation_254167,goodreads_17012,TRUE
recommendation_5595,goodreads_51153,TRUE
recommendation_257324,goodreads_12189,TRUE
recommendation_76169,goodreads_28372,TRUE
recommendation_132783,goodreads_13109,TRUE
recommendation_79251,goodreads_44813,TRUE
recommendation_123758,goodreads_14681,TRUE
recommendation_190609,goodreads_3882,TRUE
recommendation_22897,goodreads_5669,TRUE
recommendation_132829,goodreads_15456,TRUE
recommendation_190605,goodreads_36939,TRUE
recommendation_79253,goodreads_36511,TRUE
recommendation_76275,goodreads_15015,TRUE
recommendation_212576,goodreads_6622,TRUE
recommendation_13270,goodreads_46208,TRUE
recommendation_76276,goodreads_9607,TRUE
recommendation_144652,goodreads_11206,TRUE
recommendation_78623,goodreads_9312,TRUE
recommendation_76189,goodreads_9501,TRUE
recommendation_243885,goodreads_16000,TRUE
recommendation_119704,goodreads_15035,TRUE
recommendation_22865,goodreads_9693,TRUE
recommendation_172207,goodreads_42680,TRUE
recommendation_149896,goodreads_22215,TRUE
recommendation_96285,goodreads_43377,TRUE
recommendation_63117,goodreads_32527,TRUE
recommendation_220213,goodreads_13303,TRUE
recommendation_163999,goodreads_11321,TRUE
recommendation_250419,goodreads_38122,TRUE
recommendation_101548,goodreads_39242,TRUE
recommendation_11894,goodreads_28815,TRUE
recommendation_136569,goodreads_1508,TRUE
recommendation_136813,goodreads_8971,TRUE
recommendation_48150,goodreads_22436,TRUE
recommendation_69757,goodreads_46991,TRUE
recommendation_107813,goodreads_48858,TRUE
recommendation_226613,goodreads_31941,TRUE
recommendation_212808,goodreads_36638,TRUE
recommendation_12563,goodreads_14940,TRUE
recommendation_98498,goodreads_2072,TRUE
recommendation_78301,goodreads_21648,TRUE
recommendation_128934,goodreads_16409,TRUE
recommendation_121266,goodreads_22485,TRUE
recommendation_92835,goodreads_39619,TRUE
recommendation_69918,goodreads_6282,TRUE
recommendation_62696,goodreads_4685,TRUE
recommendation_127789,goodreads_33669,TRUE
recommendation_58185,goodreads_12208,TRUE
recommendation_45264,goodreads_40676,TRUE
recommendation_207089,goodreads_43180,TRUE
recommendation_127118,goodreads_13281,TRUE
recommendation_79024,goodreads_13630,TRUE
recommendation_191519,goodreads_6681,TRUE
recommendation_76800,goodreads_9249,TRUE
recommendation_90774,goodreads_48847,TRUE
recommendation_96971,goodreads_8208,TRUE
recommendation_30114,goodreads_45666,TRUE
recommendation_58827,goodreads_4476,TRUE
recommendation_71456,goodreads_36528,TRUE
recommendation_26405,goodreads_8822,TRUE
recommendation_158372,goodreads_12103,TRUE
recommendation_71458,goodreads_11740,TRUE
recommendation_53400,goodreads_3642,TRUE
recommendation_69235,goodreads_13988,TRUE
recommendation_124550,goodreads_18492,TRUE
recommendation_5254,goodreads_32479,TRUE
recommendation_118563,goodreads_25567,TRUE
recommendation_104748,goodreads_8299,TRUE
recommendation_65888,goodreads_7043,TRUE
recommendation_48162,goodreads_1371,TRUE
recommendation_107138,goodreads_13011,TRUE
recommendation_20996,goodreads_19732,TRUE
recommendation_143831,goodreads_41682,TRUE
recommendation_47214,goodreads_41552,TRUE
recommendation_94126,goodreads_46933,TRUE
recommendation_7148,goodreads_652,TRUE
recommendation_26012,goodreads_37413,TRUE
recommendation_166846,goodreads_2963,TRUE
recommendation_16324,goodreads_51287,TRUE
recommendation_155300,goodreads_3721,TRUE
recommendation_262179,goodreads_41464,TRUE
recommendation_202917,goodreads_50117,TRUE
recommendation_7043,goodreads_7040,TRUE
recommendation_21655,goodreads_29161,TRUE
recommendation_91791,goodreads_43747,TRUE
recommendation_41007,goodreads_8198,TRUE
recommendation_128120,goodreads_43745,TRUE
recommendation_154038,goodreads_9462,TRUE
recommendation_77022,goodreads_974,TRUE
recommendation_87907,goodreads_8305,TRUE
recommendation_54390,goodreads_7459,TRUE
recommendation_80664,goodreads_4719,TRUE
recommendation_29061,goodreads_12936,TRUE
recommendation_191788,goodreads_7548,TRUE
recommendation_42330,goodreads_23969,TRUE
recommendation_37258,goodreads_42527,TRUE
recommendation_71815,goodreads_49530,TRUE
recommendation_39466,goodreads_19796,TRUE
recommendation_130551,goodreads_15420,TRUE
recommendation_94875,goodreads_20260,TRUE
recommendation_100373,goodreads_41543,TRUE
recommendation_58609,goodreads_49050,TRUE
recommendation_204972,goodreads_14256,TRUE
recommendation_246110,goodreads_10118,TRUE
recommendation_192304,goodreads_41929,TRUE
recommendation_229985,goodreads_1830,TRUE
recommendation_74682,goodreads_13288,TRUE
recommendation_109984,goodreads_30571,TRUE
recommendation_112537,goodreads_8279,TRUE
recommendation_144276,goodreads_4009,TRUE
recommendation_42367,goodreads_21767,TRUE
recommendation_213136,goodreads_45744,TRUE
recommendation_114487,goodreads_14527,TRUE
recommendation_28223,goodreads_48703,TRUE
recommendation_24409,goodreads_20495,TRUE
recommendation_75378,goodreads_48514,TRUE
recommendation_79458,goodreads_38809,TRUE
recommendation_12151,goodreads_3056,TRUE
recommendation_42325,goodreads_9019,TRUE
recommendation_159871,goodreads_26970,TRUE
recommendation_144670,goodreads_9582,TRUE
recommendation_68487,goodreads_50514,TRUE
recommendation_13474,goodreads_50368,TRUE
recommendation_58581,goodreads_5950,TRUE
recommendation_243423,goodreads_53579,TRUE
recommendation_55196,goodreads_5995,TRUE
recommendation_254048,goodreads_28413,TRUE
recommendation_143315,goodreads_42601,TRUE
recommendation_155395,goodreads_24671,TRUE
recommendation_255064,goodreads_33063,TRUE
recommendation_233973,goodreads_31508,TRUE
recommendation_61061,goodreads_22598,TRUE
recommendation_49111,goodreads_37196,TRUE
recommendation_13492,goodreads_8906,TRUE
recommendation_114358,goodreads_27345,TRUE
recommendation_66224,goodreads_4437,TRUE
recommendation_39645,goodreads_3562,TRUE
recommendation_25304,goodreads_4948,TRUE
recommendation_209242,goodreads_4343,TRUE
recommendation_12753,goodreads_46925,TRUE
recommendation_109972,goodreads_37840,TRUE
recommendation_225732,goodreads_23419,TRUE
recommendation_200828,goodreads_2187,TRUE
recommendation_213935,goodreads_1653,TRUE
recommendation_265819,goodreads_39164,TRUE
recommendation_42370,goodreads_177,TRUE
recommendation_85707,goodreads_42974,TRUE
recommendation_184281,goodreads_41232,TRUE
recommendation_7377,goodreads_613,TRUE
recommendation_262434,goodreads_52474,TRUE
recommendation_190330,goodreads_53351,TRUE
recommendation_140584,goodreads_16707,TRUE
recommendation_50778,goodreads_14867,TRUE
recommendation_89909,goodreads_52710,TRUE
recommendation_195194,goodreads_3948,TRUE
recommendation_173803,goodreads_43325,TRUE
recommendation_128894,goodreads_37548,TRUE
recommendation_10856,goodreads_48172,TRUE
recommendation_174025,goodreads_38795,TRUE
recommendation_73998,goodreads_34527,TRUE
recommendation_76020,goodreads_31600,TRUE
recommendation_126240,goodreads_33928,TRUE
recommendation_90945,goodreads_10070,TRUE
recommendation_80248,goodreads_28661,TRUE
recommendation_110518,goodreads_3859,TRUE
recommendation_228468,goodreads_47712,TRUE
recommendation_17409,goodreads_2228,TRUE
recommendation_111024,goodreads_9278,TRUE
recommendation_4703,goodreads_49601,TRUE
recommendation_13511,goodreads_43976,TRUE
recommendation_269715,goodreads_24641,TRUE
recommendation_120604,goodreads_37961,TRUE
recommendation_200661,goodreads_7202,TRUE
recommendation_139774,goodreads_4131,TRUE
recommendation_148778,goodreads_53408,TRUE
recommendation_253,goodreads_9752,TRUE
recommendation_163974,goodreads_3024,TRUE
recommendation_170119,goodreads_6559,TRUE
recommendation_71635,goodreads_30048,TRUE
recommendation_199876,goodreads_37471,TRUE
recommendation_232644,goodreads_5438,TRUE
recommendation_184283,goodreads_8438,TRUE
recommendation_52982,goodreads_47480,TRUE
recommendation_102004,goodreads_32691,TRUE
recommendation_41003,goodreads_18534,TRUE
recommendation_189261,goodreads_34060,TRUE
recommendation_76333,goodreads_4995,TRUE
recommendation_50819,goodreads_335,TRUE
recommendation_36959,goodreads_38013,TRUE
recommendation_61432,goodreads_36357,TRUE
recommendation_211246,goodreads_49348,TRUE
recommendation_17470,goodreads_44393,TRUE
recommendation_211249,goodreads_47436,TRUE
recommendation_149448,goodreads_31765,TRUE
recommendation_79327,goodreads_4534,TRUE
recommendation_35836,goodreads_12734,TRUE
recommendation_238111,goodreads_6614,TRUE
recommendation_9461,goodreads_11398,TRUE
recommendation_141285,goodreads_12994,TRUE
recommendation_3610,goodreads_8546,TRUE
recommendation_162136,goodreads_13226,TRUE
recommendation_109249,goodreads_48701,TRUE
recommendation_116225,goodreads_944,TRUE
recommendation_109361,goodreads_35037,TRUE
recommendation_199880,goodreads_8925,TRUE
recommendation_110794,goodreads_15264,TRUE
recommendation_218508,goodreads_53058,TRUE
recommendation_16162,goodreads_32870,TRUE
recommendation_16161,goodreads_3875,TRUE
recommendation_213713,goodreads_3845,TRUE
recommendation_36260,goodreads_24462,TRUE
recommendation_70374,goodreads_2953,TRUE
recommendation_48415,goodreads_8708,TRUE
recommendation_147498,goodreads_22345,TRUE
recommendation_8495,goodreads_10988,TRUE
recommendation_26681,goodreads_1210,TRUE
recommendation_18005,goodreads_4590,TRUE
recommendation_196740,goodreads_14492,TRUE
recommendation_82693,goodreads_50681,TRUE
recommendation_126218,goodreads_50204,TRUE
