recommendation_201348,goodreads_29759,False
recommendation_131125,goodreads_28766,False
recommendation_195707,goodreads_45646,False
recommendation_219116,goodreads_2862,False
recommendation_178709,goodreads_43801,False
recommendation_253062,goodreads_15691,False
recommendation_1914,goodreads_32440,False
recommendation_279,goodreads_51675,False
recommendation_50853,goodreads_2105,False
recommendation_265880,goodreads_43360,False
recommendation_320,goodreads_10750,False
recommendation_41197,goodreads_33115,False
recommendation_330,goodreads_25405,False
recommendation_109376,goodreads_4090,False
recommendation_190440,goodreads_47742,False
recommendation_267395,goodreads_50243,False
recommendation_241241,goodreads_24763,False
recommendation_425,goodreads_27925,False
recommendation_218574,goodreads_45659,False
recommendation_479,goodreads_23021,False
recommendation_483,goodreads_49997,False
recommendation_244527,goodreads_36813,False
recommendation_200448,goodreads_46259,False
recommendation_122129,goodreads_49525,False
recommendation_258435,goodreads_15348,False
recommendation_54715,goodreads_52274,False
recommendation_213338,goodreads_49366,False
recommendation_30068,goodreads_53065,False
recommendation_116405,goodreads_7722,False
recommendation_661,goodreads_18377,False
recommendation_268528,goodreads_25703,False
recommendation_85600,goodreads_21156,False
recommendation_164099,goodreads_18933,False
recommendation_197795,goodreads_23935,False
recommendation_843,goodreads_6670,False
recommendation_241673,goodreads_21794,False
recommendation_212434,goodreads_18719,False
recommendation_211313,goodreads_35953,False
recommendation_190649,goodreads_41632,False
recommendation_262736,goodreads_50824,False
recommendation_129979,goodreads_38471,False
recommendation_233571,goodreads_45733,False
recommendation_161077,goodreads_51367,False
recommendation_208197,goodreads_45019,False
recommendation_269947,goodreads_43427,False
recommendation_143462,goodreads_53283,False
recommendation_128019,goodreads_27345,False
recommendation_216582,goodreads_51632,False
recommendation_151464,goodreads_8053,False
recommendation_64727,goodreads_35064,False
recommendation_249160,goodreads_44770,False
recommendation_169801,goodreads_16020,False
recommendation_118572,goodreads_39522,False
recommendation_31895,goodreads_41956,False
recommendation_224978,goodreads_34209,False
recommendation_250592,goodreads_52513,False
recommendation_113326,goodreads_18309,False
recommendation_1546,goodreads_49977,False
recommendation_171635,goodreads_31748,False
recommendation_224606,goodreads_52835,False
recommendation_269822,goodreads_33915,False
recommendation_219869,goodreads_30287,False
recommendation_105356,goodreads_30262,False
recommendation_236780,goodreads_41748,False
recommendation_234355,goodreads_12633,False
recommendation_261304,goodreads_18380,False
recommendation_107011,goodreads_7342,False
recommendation_1838,goodreads_4499,False
recommendation_165739,goodreads_10858,False
recommendation_219385,goodreads_16039,False
recommendation_177842,goodreads_26638,False
recommendation_243288,goodreads_47707,False
recommendation_246513,goodreads_31072,False
recommendation_209665,goodreads_44018,False
recommendation_156592,goodreads_51140,False
recommendation_270618,goodreads_50205,False
recommendation_245740,goodreads_13895,False
recommendation_221990,goodreads_3073,False
recommendation_216640,goodreads_53668,False
recommendation_38263,goodreads_21627,False
recommendation_266340,goodreads_38977,False
recommendation_213278,goodreads_14141,False
recommendation_81838,goodreads_27066,False
recommendation_31896,goodreads_4642,False
recommendation_236892,goodreads_834,False
recommendation_196767,goodreads_46113,False
recommendation_75520,goodreads_10868,False
recommendation_122385,goodreads_12320,False
recommendation_251124,goodreads_917,False
recommendation_2699,goodreads_4770,False
recommendation_210843,goodreads_39727,False
recommendation_211257,goodreads_44166,False
recommendation_155266,goodreads_12789,False
recommendation_262342,goodreads_38712,False
recommendation_132169,goodreads_53701,False
recommendation_34894,goodreads_12636,False
recommendation_2875,goodreads_27067,False
recommendation_220403,goodreads_43626,False
recommendation_160102,goodreads_8060,False
recommendation_114651,goodreads_52664,False
recommendation_96533,goodreads_18825,False
recommendation_3018,goodreads_24135,False
recommendation_220229,goodreads_8252,False
recommendation_3076,goodreads_16931,False
recommendation_243109,goodreads_10378,False
recommendation_210732,goodreads_20022,False
recommendation_250427,goodreads_31580,False
recommendation_169039,goodreads_15874,False
recommendation_178656,goodreads_23976,False
recommendation_75986,goodreads_26604,False
recommendation_229985,goodreads_48371,False
recommendation_35512,goodreads_9197,False
recommendation_25399,goodreads_28461,False
recommendation_266269,goodreads_47184,False
recommendation_224737,goodreads_36057,False
recommendation_244397,goodreads_32970,False
recommendation_181724,goodreads_52056,False
recommendation_156774,goodreads_24247,False
recommendation_106166,goodreads_19153,False
recommendation_221736,goodreads_1582,False
recommendation_22341,goodreads_14330,False
recommendation_179037,goodreads_43810,False
recommendation_238157,goodreads_46629,False
recommendation_151193,goodreads_2413,False
recommendation_215576,goodreads_48654,False
recommendation_62110,goodreads_32504,False
recommendation_134632,goodreads_50130,False
recommendation_240530,goodreads_46448,False
recommendation_257784,goodreads_48217,False
recommendation_200484,goodreads_26658,False
recommendation_51714,goodreads_27566,False
recommendation_128765,goodreads_45188,False
recommendation_100744,goodreads_7716,False
recommendation_268004,goodreads_36618,False
recommendation_139181,goodreads_33366,False
recommendation_195505,goodreads_19856,False
recommendation_4522,goodreads_47351,False
recommendation_151667,goodreads_30506,False
recommendation_29689,goodreads_2331,False
recommendation_4651,goodreads_52838,False
recommendation_241581,goodreads_49601,False
recommendation_4717,goodreads_50192,False
recommendation_116582,goodreads_27382,False
recommendation_100363,goodreads_25386,False
recommendation_265540,goodreads_46859,False
recommendation_229171,goodreads_28608,False
recommendation_206728,goodreads_8159,False
recommendation_4827,goodreads_28786,False
recommendation_4868,goodreads_788,False
recommendation_218475,goodreads_25962,False
recommendation_172297,goodreads_43191,False
recommendation_195389,goodreads_24650,False
recommendation_4980,goodreads_53428,False
recommendation_215279,goodreads_40532,False
recommendation_255706,goodreads_4902,False
recommendation_192302,goodreads_47953,False
recommendation_179428,goodreads_34612,False
recommendation_96990,goodreads_5264,False
recommendation_215652,goodreads_50979,False
recommendation_220207,goodreads_28458,False
recommendation_8454,goodreads_53641,False
recommendation_145242,goodreads_40538,False
recommendation_5339,goodreads_25812,False
recommendation_104484,goodreads_3379,False
recommendation_247146,goodreads_42884,False
recommendation_102306,goodreads_4992,False
recommendation_204411,goodreads_27195,False
recommendation_179106,goodreads_8299,False
recommendation_257961,goodreads_34982,False
recommendation_253682,goodreads_8696,False
recommendation_180713,goodreads_27032,False
recommendation_163203,goodreads_9682,False
recommendation_116039,goodreads_53549,False
recommendation_76106,goodreads_41645,False
recommendation_77125,goodreads_37784,False
recommendation_201776,goodreads_35125,False
recommendation_268718,goodreads_3147,False
recommendation_20196,goodreads_47256,False
recommendation_206325,goodreads_20076,False
recommendation_5972,goodreads_13191,False
recommendation_5976,goodreads_51880,False
recommendation_83918,goodreads_20982,False
recommendation_230999,goodreads_27206,False
recommendation_26709,goodreads_22967,False
recommendation_139748,goodreads_37983,False
recommendation_246921,goodreads_53238,False
recommendation_249356,goodreads_46369,False
recommendation_49025,goodreads_7200,False
recommendation_153433,goodreads_12358,False
recommendation_6051,goodreads_11459,False
recommendation_180980,goodreads_30135,False
recommendation_259731,goodreads_5645,False
recommendation_6091,goodreads_45539,False
recommendation_256969,goodreads_31114,False
recommendation_266161,goodreads_26187,False
recommendation_124779,goodreads_41055,False
recommendation_6393,goodreads_45445,False
recommendation_261291,goodreads_50822,False
recommendation_92522,goodreads_4432,False
recommendation_241833,goodreads_46131,False
recommendation_35352,goodreads_44704,False
recommendation_217808,goodreads_36352,False
recommendation_227261,goodreads_47073,False
recommendation_228199,goodreads_44790,False
recommendation_6746,goodreads_39661,False
recommendation_6749,goodreads_25906,False
recommendation_6803,goodreads_45148,False
recommendation_85633,goodreads_52896,False
recommendation_6859,goodreads_46732,False
recommendation_243693,goodreads_8813,False
recommendation_200402,goodreads_3033,False
recommendation_33884,goodreads_20010,False
recommendation_205740,goodreads_51621,False
recommendation_91308,goodreads_50615,False
recommendation_115276,goodreads_46040,False
recommendation_269903,goodreads_54191,False
recommendation_93543,goodreads_46277,False
recommendation_216985,goodreads_33248,False
recommendation_190142,goodreads_43723,False
recommendation_114535,goodreads_38354,False
recommendation_248729,goodreads_44375,False
recommendation_268144,goodreads_31474,False
recommendation_234137,goodreads_45207,False
recommendation_223045,goodreads_3291,False
recommendation_87638,goodreads_39513,False
recommendation_113408,goodreads_49621,False
recommendation_196657,goodreads_17911,False
recommendation_196237,goodreads_812,False
recommendation_150990,goodreads_33688,False
recommendation_149550,goodreads_18501,False
recommendation_7619,goodreads_53033,False
recommendation_241913,goodreads_34332,False
recommendation_40584,goodreads_25600,False
recommendation_96229,goodreads_4762,False
recommendation_239938,goodreads_38267,False
recommendation_177927,goodreads_45998,False
recommendation_114775,goodreads_43779,False
recommendation_164177,goodreads_40401,False
recommendation_51512,goodreads_50854,False
recommendation_57053,goodreads_13648,False
recommendation_209666,goodreads_52060,False
recommendation_214859,goodreads_13864,False
recommendation_8013,goodreads_40910,False
recommendation_216620,goodreads_51687,False
recommendation_76838,goodreads_3995,False
recommendation_261183,goodreads_40013,False
recommendation_150175,goodreads_11542,False
recommendation_109022,goodreads_23823,False
recommendation_145876,goodreads_52295,False
recommendation_247774,goodreads_26061,False
recommendation_221525,goodreads_28702,False
recommendation_8371,goodreads_22703,False
recommendation_170075,goodreads_41482,False
recommendation_58933,goodreads_47327,False
recommendation_121321,goodreads_4844,False
recommendation_24882,goodreads_47543,False
recommendation_153790,goodreads_37889,False
recommendation_237144,goodreads_40575,False
recommendation_36569,goodreads_49730,False
recommendation_174809,goodreads_15376,False
recommendation_8653,goodreads_52555,False
recommendation_8702,goodreads_11801,False
recommendation_8709,goodreads_40616,False
recommendation_252359,goodreads_50584,False
recommendation_160113,goodreads_768,False
recommendation_202465,goodreads_48426,False
recommendation_128486,goodreads_43745,False
recommendation_268721,goodreads_54251,False
recommendation_230670,goodreads_45308,False
recommendation_257179,goodreads_49687,False
recommendation_215355,goodreads_7039,False
recommendation_239702,goodreads_24411,False
recommendation_125626,goodreads_5033,False
recommendation_23653,goodreads_32037,False
recommendation_267027,goodreads_24107,False
recommendation_247988,goodreads_35509,False
recommendation_251049,goodreads_49671,False
recommendation_268795,goodreads_42747,False
recommendation_31096,goodreads_3592,False
recommendation_180794,goodreads_12009,False
recommendation_260734,goodreads_52496,False
recommendation_9488,goodreads_50074,False
recommendation_9494,goodreads_23407,False
recommendation_181083,goodreads_37466,False
recommendation_266228,goodreads_1778,False
recommendation_178717,goodreads_32818,False
recommendation_12318,goodreads_19754,False
recommendation_9626,goodreads_6876,False
recommendation_169218,goodreads_34495,False
recommendation_120951,goodreads_49602,False
recommendation_210884,goodreads_39546,False
recommendation_239419,goodreads_22733,False
recommendation_263207,goodreads_46444,False
recommendation_49760,goodreads_43047,False
recommendation_236107,goodreads_43811,False
recommendation_201744,goodreads_50251,False
recommendation_231002,goodreads_14906,False
recommendation_9861,goodreads_3097,False
recommendation_103626,goodreads_51789,False
recommendation_43670,goodreads_41121,False
recommendation_250226,goodreads_15558,False
recommendation_248848,goodreads_46079,False
recommendation_144452,goodreads_38014,False
recommendation_192852,goodreads_24336,False
recommendation_191637,goodreads_25076,False
recommendation_75552,goodreads_38729,False
recommendation_124475,goodreads_24601,False
recommendation_157261,goodreads_22978,False
recommendation_39012,goodreads_50647,False
recommendation_10224,goodreads_52330,False
recommendation_10259,goodreads_51774,False
recommendation_268689,goodreads_32268,False
recommendation_74660,goodreads_51564,False
recommendation_118392,goodreads_30073,False
recommendation_10360,goodreads_51662,False
recommendation_50826,goodreads_35093,False
recommendation_45660,goodreads_7513,False
recommendation_223889,goodreads_2277,False
recommendation_175663,goodreads_53034,False
recommendation_38552,goodreads_9767,False
recommendation_271274,goodreads_52511,False
recommendation_10538,goodreads_10566,False
recommendation_249882,goodreads_28091,False
recommendation_170407,goodreads_22208,False
recommendation_258837,goodreads_27843,False
recommendation_211839,goodreads_52102,False
recommendation_10811,goodreads_53374,False
recommendation_261186,goodreads_27291,False
recommendation_44363,goodreads_45701,False
recommendation_10917,goodreads_34076,False
recommendation_178178,goodreads_4394,False
recommendation_32345,goodreads_10525,False
recommendation_10980,goodreads_27091,False
recommendation_267448,goodreads_38330,False
recommendation_232772,goodreads_17647,False
recommendation_109383,goodreads_32062,False
recommendation_11013,goodreads_51835,False
recommendation_237095,goodreads_50551,False
recommendation_58050,goodreads_6352,False
recommendation_208927,goodreads_47255,False
recommendation_145693,goodreads_16372,False
recommendation_257286,goodreads_20692,False
recommendation_229255,goodreads_6270,False
recommendation_11114,goodreads_23711,False
recommendation_184406,goodreads_11688,False
recommendation_196238,goodreads_51260,False
recommendation_76034,goodreads_23684,False
recommendation_172861,goodreads_44718,False
recommendation_148552,goodreads_54024,False
recommendation_234493,goodreads_54046,False
recommendation_249467,goodreads_12210,False
recommendation_144281,goodreads_13518,False
recommendation_224608,goodreads_48173,False
recommendation_260538,goodreads_36442,False
recommendation_246664,goodreads_13181,False
recommendation_102745,goodreads_43372,False
recommendation_216839,goodreads_35478,False
recommendation_11686,goodreads_43764,False
recommendation_178693,goodreads_27214,False
recommendation_201698,goodreads_14208,False
recommendation_222175,goodreads_37334,False
recommendation_201104,goodreads_7728,False
recommendation_233460,goodreads_52185,False
recommendation_217135,goodreads_31317,False
recommendation_115278,goodreads_8607,False
recommendation_12000,goodreads_41340,False
recommendation_156758,goodreads_25480,False
recommendation_250633,goodreads_13005,False
recommendation_238358,goodreads_663,False
recommendation_261171,goodreads_42986,False
recommendation_237413,goodreads_49569,False
recommendation_172934,goodreads_46521,False
recommendation_217679,goodreads_40603,False
recommendation_40611,goodreads_47080,False
recommendation_219507,goodreads_34000,False
recommendation_266509,goodreads_43638,False
recommendation_194780,goodreads_48051,False
recommendation_177068,goodreads_50780,False
recommendation_12514,goodreads_8940,False
recommendation_229035,goodreads_36404,False
recommendation_48945,goodreads_40666,False
recommendation_118227,goodreads_41368,False
recommendation_108546,goodreads_35002,False
recommendation_119796,goodreads_3534,False
recommendation_232657,goodreads_53446,False
recommendation_59244,goodreads_52933,False
recommendation_230983,goodreads_19764,False
recommendation_156406,goodreads_43706,False
recommendation_191593,goodreads_25723,False
recommendation_218690,goodreads_44540,False
recommendation_244974,goodreads_53234,False
recommendation_13024,goodreads_49539,False
recommendation_245926,goodreads_31391,False
recommendation_111566,goodreads_3935,False
recommendation_13306,goodreads_21542,False
recommendation_152849,goodreads_46953,False
recommendation_114352,goodreads_44871,False
recommendation_139153,goodreads_51076,False
recommendation_260599,goodreads_2880,False
recommendation_107754,goodreads_46249,False
recommendation_82107,goodreads_16370,False
recommendation_54695,goodreads_17531,False
recommendation_13584,goodreads_29890,False
recommendation_104841,goodreads_23167,False
recommendation_263427,goodreads_47203,False
recommendation_132736,goodreads_47146,False
recommendation_88960,goodreads_23831,False
recommendation_13718,goodreads_41481,False
recommendation_188277,goodreads_53353,False
recommendation_205685,goodreads_1401,False
recommendation_13993,goodreads_43526,False
recommendation_238125,goodreads_37610,False
recommendation_105193,goodreads_44695,False
recommendation_14143,goodreads_26985,False
recommendation_143175,goodreads_50169,False
recommendation_260862,goodreads_36199,False
recommendation_233059,goodreads_49408,False
recommendation_245202,goodreads_45622,False
recommendation_261307,goodreads_11460,False
recommendation_146874,goodreads_33993,False
recommendation_212234,goodreads_31035,False
recommendation_74485,goodreads_51456,False
recommendation_108978,goodreads_1534,False
recommendation_222120,goodreads_46127,False
recommendation_240918,goodreads_15362,False
recommendation_186693,goodreads_32004,False
recommendation_224682,goodreads_2065,False
recommendation_174184,goodreads_20286,False
recommendation_14548,goodreads_4174,False
recommendation_217742,goodreads_24924,False
recommendation_258578,goodreads_52145,False
recommendation_179085,goodreads_50939,False
recommendation_267572,goodreads_49023,False
recommendation_190098,goodreads_50099,False
recommendation_115826,goodreads_14847,False
recommendation_81668,goodreads_27118,False
recommendation_108975,goodreads_6623,False
recommendation_224857,goodreads_49911,False
recommendation_239361,goodreads_27795,False
recommendation_65047,goodreads_33046,False
recommendation_76788,goodreads_14342,False
recommendation_186470,goodreads_824,False
recommendation_150547,goodreads_46573,False
recommendation_246457,goodreads_12260,False
recommendation_144158,goodreads_51263,False
recommendation_83155,goodreads_22621,False
recommendation_177467,goodreads_20459,False
recommendation_44287,goodreads_34341,False
recommendation_214396,goodreads_7171,False
recommendation_162106,goodreads_33938,False
recommendation_237669,goodreads_41892,False
recommendation_149544,goodreads_25739,False
recommendation_15095,goodreads_41917,False
recommendation_15098,goodreads_52392,False
recommendation_184789,goodreads_42329,False
recommendation_15107,goodreads_39463,False
recommendation_209715,goodreads_43291,False
recommendation_168168,goodreads_36453,False
recommendation_15171,goodreads_37444,False
recommendation_15278,goodreads_27911,False
recommendation_240102,goodreads_45652,False
recommendation_15357,goodreads_38166,False
recommendation_15372,goodreads_26525,False
recommendation_169930,goodreads_22435,False
recommendation_256929,goodreads_38340,False
recommendation_80063,goodreads_46046,False
recommendation_210063,goodreads_50706,False
recommendation_270056,goodreads_8036,False
recommendation_201163,goodreads_48200,False
recommendation_15748,goodreads_3222,False
recommendation_139583,goodreads_34236,False
recommendation_140912,goodreads_45354,False
recommendation_141695,goodreads_16591,False
recommendation_15876,goodreads_8593,False
recommendation_161348,goodreads_47362,False
recommendation_137799,goodreads_45203,False
recommendation_196603,goodreads_16827,False
recommendation_220402,goodreads_28671,False
recommendation_16136,goodreads_18475,False
recommendation_177896,goodreads_50860,False
recommendation_87106,goodreads_34246,False
recommendation_235298,goodreads_51287,False
recommendation_158480,goodreads_44764,False
recommendation_208081,goodreads_23280,False
recommendation_16458,goodreads_5311,False
recommendation_247539,goodreads_9554,False
recommendation_226540,goodreads_51529,False
recommendation_48799,goodreads_18140,False
recommendation_16597,goodreads_24734,False
recommendation_186257,goodreads_24258,False
recommendation_113964,goodreads_33247,False
recommendation_262202,goodreads_6416,False
recommendation_170338,goodreads_40634,False
recommendation_239871,goodreads_49444,False
recommendation_187083,goodreads_32154,False
recommendation_266813,goodreads_42750,False
recommendation_252643,goodreads_52309,False
recommendation_159988,goodreads_42265,False
recommendation_246102,goodreads_35301,False
recommendation_84905,goodreads_38939,False
recommendation_268056,goodreads_5391,False
recommendation_105810,goodreads_27524,False
recommendation_127904,goodreads_42685,False
recommendation_245183,goodreads_45338,False
recommendation_130072,goodreads_253,False
recommendation_187407,goodreads_25815,False
recommendation_66521,goodreads_52942,False
recommendation_17311,goodreads_49049,False
recommendation_236808,goodreads_53703,False
recommendation_17569,goodreads_10097,False
recommendation_17641,goodreads_13312,False
recommendation_126728,goodreads_13980,False
recommendation_206009,goodreads_43688,False
recommendation_75440,goodreads_29295,False
recommendation_17814,goodreads_38150,False
recommendation_107593,goodreads_5243,False
recommendation_245303,goodreads_20453,False
recommendation_245852,goodreads_50536,False
recommendation_17979,goodreads_48818,False
recommendation_125949,goodreads_28495,False
recommendation_18040,goodreads_14531,False
recommendation_188059,goodreads_6566,False
recommendation_192077,goodreads_46812,False
recommendation_18470,goodreads_14156,False
recommendation_66448,goodreads_27316,False
recommendation_18723,goodreads_25444,False
recommendation_18746,goodreads_51226,False
recommendation_255995,goodreads_38290,False
recommendation_18850,goodreads_1258,False
recommendation_218345,goodreads_11161,False
recommendation_143736,goodreads_4880,False
recommendation_19080,goodreads_44457,False
recommendation_264944,goodreads_51716,False
recommendation_231324,goodreads_1997,False
recommendation_253368,goodreads_50117,False
recommendation_37985,goodreads_34453,False
recommendation_19557,goodreads_34167,False
recommendation_19575,goodreads_43490,False
recommendation_198306,goodreads_4294,False
recommendation_92886,goodreads_31716,False
recommendation_19655,goodreads_11213,False
recommendation_264184,goodreads_8185,False
recommendation_183792,goodreads_9021,False
recommendation_150845,goodreads_6356,False
recommendation_146371,goodreads_42083,False
recommendation_73181,goodreads_53431,False
recommendation_40812,goodreads_43947,False
recommendation_19971,goodreads_30741,False
recommendation_79370,goodreads_34121,False
recommendation_193592,goodreads_36159,False
recommendation_159627,goodreads_14893,False
recommendation_128498,goodreads_47751,False
recommendation_183009,goodreads_51559,False
recommendation_249007,goodreads_49875,False
recommendation_86153,goodreads_43909,False
recommendation_174281,goodreads_36757,False
recommendation_67234,goodreads_46493,False
recommendation_244062,goodreads_5359,False
recommendation_208395,goodreads_22217,False
recommendation_20708,goodreads_30340,False
recommendation_229700,goodreads_49555,False
recommendation_236345,goodreads_24251,False
recommendation_21279,goodreads_40258,False
recommendation_107033,goodreads_41107,False
recommendation_120501,goodreads_43190,False
recommendation_68175,goodreads_10370,False
recommendation_200795,goodreads_41304,False
recommendation_249941,goodreads_13973,False
recommendation_21346,goodreads_16189,False
recommendation_40573,goodreads_42591,False
recommendation_258305,goodreads_25484,False
recommendation_266392,goodreads_48647,False
recommendation_233098,goodreads_33344,False
recommendation_211777,goodreads_37706,False
recommendation_258345,goodreads_44535,False
recommendation_255972,goodreads_17883,False
recommendation_247133,goodreads_12116,False
recommendation_21764,goodreads_32341,False
recommendation_183688,goodreads_35175,False
recommendation_59965,goodreads_4349,False
recommendation_36468,goodreads_5036,False
recommendation_229561,goodreads_5529,False
recommendation_190201,goodreads_45904,False
recommendation_201425,goodreads_27186,False
recommendation_47257,goodreads_12280,False
recommendation_186258,goodreads_50750,False
recommendation_22561,goodreads_40815,False
recommendation_22595,goodreads_33302,False
recommendation_268282,goodreads_16032,False
recommendation_157683,goodreads_20011,False
recommendation_217281,goodreads_8970,False
recommendation_64210,goodreads_19164,False
recommendation_168234,goodreads_48369,False
recommendation_270362,goodreads_46492,False
recommendation_259956,goodreads_11983,False
recommendation_189927,goodreads_6959,False
recommendation_233141,goodreads_39936,False
recommendation_126924,goodreads_1537,False
recommendation_23193,goodreads_40276,False
recommendation_41288,goodreads_36225,False
recommendation_208697,goodreads_51203,False
recommendation_171198,goodreads_15722,False
recommendation_224249,goodreads_50162,False
recommendation_167541,goodreads_32698,False
recommendation_146746,goodreads_18304,False
recommendation_23423,goodreads_35971,False
recommendation_243356,goodreads_44772,False
recommendation_125330,goodreads_47504,False
recommendation_150814,goodreads_53698,False
recommendation_32639,goodreads_45152,False
recommendation_101159,goodreads_34714,False
recommendation_180277,goodreads_40999,False
recommendation_23923,goodreads_47194,False
recommendation_253117,goodreads_22418,False
recommendation_245076,goodreads_37730,False
recommendation_30783,goodreads_45562,False
recommendation_24141,goodreads_37718,False
recommendation_240016,goodreads_11925,False
recommendation_239200,goodreads_53707,False
recommendation_231362,goodreads_47536,False
recommendation_46324,goodreads_10960,False
recommendation_246279,goodreads_33111,False
recommendation_24477,goodreads_14790,False
recommendation_29830,goodreads_7705,False
recommendation_243577,goodreads_26362,False
recommendation_179636,goodreads_13036,False
recommendation_24616,goodreads_16963,False
recommendation_36804,goodreads_24985,False
recommendation_121939,goodreads_34653,False
recommendation_268940,goodreads_947,False
recommendation_143014,goodreads_41660,False
recommendation_24673,goodreads_29483,False
recommendation_150516,goodreads_20106,False
recommendation_52834,goodreads_1556,False
recommendation_171967,goodreads_34281,False
recommendation_171742,goodreads_39689,False
recommendation_103929,goodreads_9001,False
recommendation_24881,goodreads_12309,False
recommendation_217947,goodreads_36268,False
recommendation_24886,goodreads_12022,False
recommendation_24941,goodreads_13502,False
recommendation_24969,goodreads_53501,False
recommendation_174422,goodreads_48999,False
recommendation_142537,goodreads_43314,False
recommendation_215451,goodreads_48703,False
recommendation_101168,goodreads_2728,False
recommendation_259858,goodreads_52756,False
recommendation_235651,goodreads_47466,False
recommendation_144643,goodreads_13781,False
recommendation_247148,goodreads_46631,False
recommendation_165919,goodreads_39971,False
recommendation_169790,goodreads_14759,False
recommendation_80098,goodreads_5687,False
recommendation_209282,goodreads_42120,False
recommendation_253695,goodreads_40507,False
recommendation_251134,goodreads_16464,False
recommendation_25958,goodreads_42087,False
recommendation_156140,goodreads_16809,False
recommendation_29437,goodreads_49116,False
recommendation_164962,goodreads_45685,False
recommendation_154557,goodreads_43583,False
recommendation_249446,goodreads_14595,False
recommendation_188698,goodreads_14303,False
recommendation_236806,goodreads_42275,False
recommendation_97159,goodreads_46399,False
recommendation_179131,goodreads_39939,False
recommendation_89390,goodreads_13638,False
recommendation_264594,goodreads_52357,False
recommendation_59556,goodreads_53498,False
recommendation_176000,goodreads_23629,False
recommendation_216561,goodreads_44342,False
recommendation_55755,goodreads_25114,False
recommendation_26570,goodreads_8693,False
recommendation_119852,goodreads_33162,False
recommendation_234822,goodreads_52607,False
recommendation_26593,goodreads_18036,False
recommendation_211044,goodreads_43478,False
recommendation_49374,goodreads_33196,False
recommendation_58537,goodreads_22383,False
recommendation_217232,goodreads_33658,False
recommendation_243892,goodreads_50924,False
recommendation_26726,goodreads_10957,False
recommendation_26748,goodreads_54227,False
recommendation_41801,goodreads_52828,False
recommendation_265346,goodreads_30277,False
recommendation_246118,goodreads_15933,False
recommendation_202158,goodreads_14011,False
recommendation_175995,goodreads_8806,False
recommendation_251659,goodreads_47624,False
recommendation_106089,goodreads_14789,False
recommendation_196801,goodreads_52733,False
recommendation_140524,goodreads_50024,False
recommendation_96052,goodreads_4319,False
recommendation_163983,goodreads_47395,False
recommendation_27164,goodreads_28259,False
recommendation_61576,goodreads_15118,False
recommendation_79721,goodreads_1396,False
recommendation_209921,goodreads_30858,False
recommendation_27349,goodreads_37984,False
recommendation_27394,goodreads_38552,False
recommendation_266481,goodreads_20650,False
recommendation_270972,goodreads_42486,False
recommendation_196341,goodreads_14358,False
recommendation_264322,goodreads_37996,False
recommendation_166384,goodreads_10436,False
recommendation_27878,goodreads_45231,False
recommendation_173631,goodreads_51185,False
recommendation_81318,goodreads_9406,False
recommendation_220715,goodreads_51062,False
recommendation_153473,goodreads_36291,False
recommendation_148857,goodreads_45909,False
recommendation_28304,goodreads_43607,False
recommendation_151131,goodreads_25055,False
recommendation_251796,goodreads_54243,False
recommendation_59958,goodreads_7105,False
recommendation_28579,goodreads_13954,False
recommendation_28630,goodreads_1710,False
recommendation_147731,goodreads_21229,False
recommendation_187275,goodreads_26645,False
recommendation_28711,goodreads_29419,False
recommendation_217164,goodreads_39549,False
recommendation_242747,goodreads_18802,False
recommendation_28762,goodreads_30612,False
recommendation_65442,goodreads_8194,False
recommendation_28835,goodreads_31094,False
recommendation_28854,goodreads_33846,False
recommendation_102115,goodreads_46232,False
recommendation_29053,goodreads_38403,False
recommendation_158313,goodreads_42875,False
recommendation_29268,goodreads_34820,False
recommendation_128690,goodreads_32592,False
recommendation_142837,goodreads_50280,False
recommendation_29544,goodreads_51391,False
recommendation_35016,goodreads_39004,False
recommendation_256707,goodreads_26199,False
recommendation_29749,goodreads_13682,False
recommendation_58739,goodreads_12359,False
recommendation_29792,goodreads_15166,False
recommendation_198262,goodreads_11651,False
recommendation_240405,goodreads_7658,False
recommendation_170039,goodreads_22678,False
recommendation_224353,goodreads_53332,False
recommendation_186180,goodreads_29303,False
recommendation_30234,goodreads_7114,False
recommendation_270706,goodreads_31887,False
recommendation_217351,goodreads_4802,False
recommendation_183853,goodreads_43363,False
recommendation_141304,goodreads_6664,False
recommendation_95298,goodreads_15160,False
recommendation_90876,goodreads_38850,False
recommendation_201994,goodreads_7504,False
recommendation_129459,goodreads_53049,False
recommendation_30685,goodreads_27856,False
recommendation_209686,goodreads_22430,False
recommendation_30739,goodreads_35798,False
recommendation_267932,goodreads_17155,False
recommendation_87884,goodreads_36514,False
recommendation_241595,goodreads_28474,False
recommendation_229118,goodreads_42818,False
recommendation_250368,goodreads_41954,False
recommendation_30909,goodreads_33384,False
recommendation_229571,goodreads_47094,False
recommendation_257219,goodreads_46934,False
recommendation_248810,goodreads_51934,False
recommendation_31426,goodreads_17463,False
recommendation_269247,goodreads_53919,False
recommendation_128864,goodreads_3891,False
recommendation_147515,goodreads_33330,False
recommendation_96950,goodreads_19033,False
recommendation_216026,goodreads_37755,False
recommendation_88835,goodreads_41678,False
recommendation_207426,goodreads_47166,False
recommendation_31707,goodreads_24031,False
recommendation_31735,goodreads_24061,False
recommendation_198107,goodreads_51576,False
recommendation_31781,goodreads_4318,False
recommendation_230829,goodreads_2828,False
recommendation_187211,goodreads_28201,False
recommendation_216488,goodreads_44217,False
recommendation_32840,goodreads_27119,False
recommendation_88779,goodreads_50641,False
recommendation_176390,goodreads_47779,False
recommendation_185628,goodreads_27743,False
recommendation_224456,goodreads_52322,False
recommendation_265441,goodreads_10166,False
recommendation_201494,goodreads_2593,False
recommendation_242219,goodreads_5188,False
recommendation_31983,goodreads_30910,False
recommendation_203953,goodreads_19296,False
recommendation_265001,goodreads_30357,False
recommendation_83077,goodreads_6238,False
recommendation_266089,goodreads_38002,False
recommendation_265666,goodreads_53024,False
recommendation_32378,goodreads_51547,False
recommendation_159963,goodreads_36959,False
recommendation_61846,goodreads_39664,False
recommendation_208982,goodreads_45134,False
recommendation_213771,goodreads_17016,False
recommendation_177188,goodreads_46836,False
recommendation_49621,goodreads_16770,False
recommendation_80153,goodreads_44603,False
recommendation_32715,goodreads_3008,False
recommendation_124060,goodreads_45832,False
recommendation_174927,goodreads_2689,False
recommendation_210004,goodreads_46851,False
recommendation_169275,goodreads_30406,False
recommendation_237473,goodreads_46695,False
recommendation_233857,goodreads_767,False
recommendation_33214,goodreads_50355,False
recommendation_33217,goodreads_49102,False
recommendation_33248,goodreads_10784,False
recommendation_198947,goodreads_51798,False
recommendation_33351,goodreads_44091,False
recommendation_240314,goodreads_45023,False
recommendation_33478,goodreads_52567,False
recommendation_81266,goodreads_39143,False
recommendation_158828,goodreads_7137,False
recommendation_121539,goodreads_14436,False
recommendation_251162,goodreads_53000,False
recommendation_233972,goodreads_13158,False
recommendation_147996,goodreads_48554,False
recommendation_33589,goodreads_28111,False
recommendation_33617,goodreads_38098,False
recommendation_222683,goodreads_15741,False
recommendation_33784,goodreads_37923,False
recommendation_198913,goodreads_6287,False
recommendation_229859,goodreads_12768,False
recommendation_150192,goodreads_30658,False
recommendation_33819,goodreads_17246,False
recommendation_60961,goodreads_42188,False
recommendation_265819,goodreads_39164,True
recommendation_140757,goodreads_6475,True
recommendation_101234,goodreads_42505,True
recommendation_197237,goodreads_34674,True
recommendation_18497,goodreads_7157,True
recommendation_227385,goodreads_48336,True
recommendation_49,goodreads_14259,True
recommendation_202208,goodreads_6063,True
recommendation_148175,goodreads_34757,True
recommendation_78738,goodreads_2384,True
recommendation_264623,goodreads_2449,True
recommendation_42370,goodreads_177,True
recommendation_226717,goodreads_29735,True
recommendation_9490,goodreads_46116,True
recommendation_268932,goodreads_28026,True
recommendation_230611,goodreads_130,True
recommendation_234377,goodreads_34299,True
recommendation_238078,goodreads_12840,True
recommendation_7437,goodreads_21531,True
recommendation_152958,goodreads_1694,True
recommendation_93337,goodreads_7485,True
recommendation_147498,goodreads_22345,True
recommendation_226029,goodreads_1366,True
recommendation_223747,goodreads_3462,True
recommendation_214070,goodreads_12,True
recommendation_65667,goodreads_49747,True
recommendation_249337,goodreads_43968,True
recommendation_1215,goodreads_37104,True
recommendation_191781,goodreads_15997,True
recommendation_224283,goodreads_50278,True
recommendation_167847,goodreads_3160,True
recommendation_164746,goodreads_44636,True
recommendation_22531,goodreads_39444,True
recommendation_146346,goodreads_33853,True
recommendation_71663,goodreads_3770,True
recommendation_246659,goodreads_10344,True
recommendation_232,goodreads_34654,True
recommendation_93322,goodreads_837,True
recommendation_62878,goodreads_50789,True
recommendation_248,goodreads_49789,True
recommendation_253,goodreads_9752,True
recommendation_256049,goodreads_53739,True
recommendation_281,goodreads_13824,True
recommendation_189882,goodreads_34650,True
recommendation_78951,goodreads_7073,True
recommendation_78950,goodreads_4895,True
recommendation_56194,goodreads_7364,True
recommendation_202213,goodreads_4893,True
recommendation_13127,goodreads_42332,True
recommendation_50819,goodreads_335,True
recommendation_253451,goodreads_33742,True
recommendation_127579,goodreads_13229,True
recommendation_153835,goodreads_992,True
recommendation_116908,goodreads_48794,True
recommendation_69514,goodreads_1967,True
recommendation_388,goodreads_14967,True
recommendation_26221,goodreads_40050,True
recommendation_37444,goodreads_37110,True
recommendation_123945,goodreads_24612,True
recommendation_453,goodreads_30181,True
recommendation_253415,goodreads_42340,True
recommendation_192304,goodreads_41929,True
recommendation_178797,goodreads_993,True
recommendation_497,goodreads_43284,True
recommendation_152218,goodreads_37100,True
recommendation_14036,goodreads_553,True
recommendation_184228,goodreads_29450,True
recommendation_149362,goodreads_3321,True
recommendation_535,goodreads_50544,True
recommendation_557,goodreads_28705,True
recommendation_207706,goodreads_19865,True
recommendation_175631,goodreads_3868,True
recommendation_6123,goodreads_15503,True
recommendation_587,goodreads_38076,True
recommendation_148110,goodreads_4356,True
recommendation_215262,goodreads_9494,True
recommendation_54717,goodreads_46844,True
recommendation_601,goodreads_6164,True
recommendation_646,goodreads_10021,True
recommendation_660,goodreads_1314,True
recommendation_679,goodreads_16927,True
recommendation_29061,goodreads_12936,True
recommendation_35276,goodreads_14910,True
recommendation_693,goodreads_19840,True
recommendation_53128,goodreads_5717,True
recommendation_213831,goodreads_4531,True
recommendation_57761,goodreads_685,True
recommendation_50637,goodreads_7156,True
recommendation_221348,goodreads_22618,True
recommendation_201290,goodreads_43711,True
recommendation_223743,goodreads_471,True
recommendation_266621,goodreads_5575,True
recommendation_178383,goodreads_648,True
recommendation_772,goodreads_6613,True
recommendation_20990,goodreads_1002,True
recommendation_60317,goodreads_32545,True
recommendation_74572,goodreads_12749,True
recommendation_179647,goodreads_888,True
recommendation_33627,goodreads_22473,True
recommendation_50520,goodreads_50210,True
recommendation_34272,goodreads_27298,True
recommendation_61561,goodreads_468,True
recommendation_835,goodreads_3217,True
recommendation_254437,goodreads_12566,True
recommendation_88870,goodreads_43672,True
recommendation_27427,goodreads_1056,True
recommendation_26396,goodreads_40583,True
recommendation_83799,goodreads_3941,True
recommendation_187246,goodreads_44425,True
recommendation_34217,goodreads_4501,True
recommendation_190361,goodreads_48106,True
recommendation_189135,goodreads_32348,True
recommendation_17392,goodreads_3667,True
recommendation_245520,goodreads_2307,True
recommendation_119864,goodreads_8121,True
recommendation_210757,goodreads_15316,True
recommendation_64709,goodreads_49784,True
recommendation_101568,goodreads_4453,True
recommendation_1062,goodreads_27960,True
recommendation_57012,goodreads_34844,True
recommendation_193851,goodreads_37124,True
recommendation_148559,goodreads_2389,True
recommendation_104084,goodreads_51707,True
recommendation_112537,goodreads_8279,True
recommendation_112250,goodreads_287,True
recommendation_35568,goodreads_555,True
recommendation_107253,goodreads_1038,True
recommendation_123716,goodreads_1440,True
recommendation_103770,goodreads_298,True
recommendation_223742,goodreads_49751,True
recommendation_1158,goodreads_38224,True
recommendation_1176,goodreads_39216,True
recommendation_155705,goodreads_52154,True
recommendation_156200,goodreads_7126,True
recommendation_185003,goodreads_46106,True
recommendation_1202,goodreads_48238,True
recommendation_92808,goodreads_21864,True
recommendation_153702,goodreads_33701,True
recommendation_79775,goodreads_155,True
recommendation_191122,goodreads_6539,True
recommendation_28169,goodreads_53755,True
recommendation_78564,goodreads_2976,True
recommendation_269411,goodreads_49249,True
recommendation_222855,goodreads_15159,True
recommendation_101821,goodreads_14031,True
recommendation_139081,goodreads_257,True
recommendation_29117,goodreads_988,True
recommendation_1309,goodreads_8048,True
recommendation_22925,goodreads_3524,True
recommendation_1322,goodreads_26686,True
recommendation_221341,goodreads_23867,True
recommendation_199216,goodreads_6863,True
recommendation_59791,goodreads_12379,True
recommendation_203965,goodreads_8836,True
recommendation_8495,goodreads_10988,True
recommendation_110204,goodreads_21570,True
recommendation_51198,goodreads_1153,True
recommendation_91852,goodreads_38525,True
recommendation_106325,goodreads_33453,True
recommendation_205569,goodreads_47108,True
recommendation_1411,goodreads_9818,True
recommendation_41433,goodreads_13891,True
recommendation_19845,goodreads_7831,True
recommendation_96852,goodreads_40836,True
recommendation_250342,goodreads_15913,True
recommendation_151228,goodreads_8734,True
recommendation_138461,goodreads_16356,True
recommendation_225250,goodreads_8657,True
recommendation_241843,goodreads_7897,True
recommendation_40590,goodreads_9753,True
recommendation_153171,goodreads_8129,True
recommendation_261331,goodreads_53269,True
recommendation_9266,goodreads_1635,True
recommendation_214890,goodreads_11439,True
recommendation_265436,goodreads_51752,True
recommendation_1505,goodreads_51416,True
recommendation_130481,goodreads_32737,True
recommendation_217018,goodreads_2897,True
recommendation_124032,goodreads_39128,True
recommendation_26681,goodreads_1210,True
recommendation_1524,goodreads_3117,True
recommendation_13599,goodreads_28496,True
recommendation_55816,goodreads_4279,True
recommendation_93805,goodreads_35983,True
recommendation_1554,goodreads_635,True
recommendation_1558,goodreads_23929,True
recommendation_163592,goodreads_15972,True
recommendation_7286,goodreads_52081,True
recommendation_1598,goodreads_15727,True
recommendation_258742,goodreads_50103,True
recommendation_41763,goodreads_13362,True
recommendation_266662,goodreads_15201,True
recommendation_3315,goodreads_9543,True
recommendation_1668,goodreads_53692,True
recommendation_1671,goodreads_16154,True
recommendation_21493,goodreads_769,True
recommendation_176042,goodreads_27930,True
recommendation_29584,goodreads_13944,True
recommendation_156836,goodreads_13768,True
recommendation_44252,goodreads_32677,True
recommendation_140533,goodreads_634,True
recommendation_1749,goodreads_36329,True
recommendation_158349,goodreads_7191,True
recommendation_4235,goodreads_691,True
recommendation_14806,goodreads_2645,True
recommendation_71154,goodreads_28012,True
recommendation_171206,goodreads_708,True
recommendation_176251,goodreads_43956,True
recommendation_265619,goodreads_28662,True
recommendation_173929,goodreads_30540,True
recommendation_239935,goodreads_7118,True
recommendation_28356,goodreads_50044,True
recommendation_38001,goodreads_14822,True
recommendation_172573,goodreads_53590,True
recommendation_12305,goodreads_4754,True
recommendation_1941,goodreads_15757,True
recommendation_90033,goodreads_4187,True
recommendation_191788,goodreads_7548,True
recommendation_246199,goodreads_2167,True
recommendation_194097,goodreads_52065,True
recommendation_51520,goodreads_52485,True
recommendation_108897,goodreads_2353,True
recommendation_26608,goodreads_8711,True
recommendation_153160,goodreads_1088,True
recommendation_268934,goodreads_37229,True
recommendation_175426,goodreads_5426,True
recommendation_162299,goodreads_15872,True
recommendation_2011,goodreads_45045,True
recommendation_238812,goodreads_22698,True
recommendation_2014,goodreads_3581,True
recommendation_62502,goodreads_45277,True
recommendation_2022,goodreads_520,True
recommendation_37946,goodreads_21778,True
recommendation_31690,goodreads_21134,True
recommendation_258723,goodreads_15819,True
recommendation_2051,goodreads_24718,True
recommendation_2055,goodreads_5431,True
recommendation_30806,goodreads_8529,True
recommendation_49102,goodreads_707,True
recommendation_90049,goodreads_4785,True
recommendation_120876,goodreads_38109,True
recommendation_247080,goodreads_15986,True
recommendation_182305,goodreads_4240,True
recommendation_269339,goodreads_48111,True
recommendation_233019,goodreads_35258,True
recommendation_4373,goodreads_694,True
recommendation_221686,goodreads_43169,True
recommendation_2125,goodreads_1828,True
recommendation_252655,goodreads_1931,True
recommendation_139150,goodreads_26457,True
recommendation_2201,goodreads_49301,True
recommendation_2207,goodreads_3181,True
recommendation_9915,goodreads_2111,True
recommendation_170449,goodreads_1724,True
recommendation_214723,goodreads_34799,True
recommendation_76380,goodreads_616,True
recommendation_213032,goodreads_44258,True
recommendation_74293,goodreads_1904,True
recommendation_63710,goodreads_9109,True
recommendation_187274,goodreads_1370,True
recommendation_215586,goodreads_36376,True
recommendation_264290,goodreads_53337,True
recommendation_268009,goodreads_815,True
recommendation_2403,goodreads_24713,True
recommendation_6093,goodreads_38373,True
recommendation_55817,goodreads_14207,True
recommendation_178952,goodreads_51584,True
recommendation_2433,goodreads_52132,True
recommendation_217143,goodreads_15738,True
recommendation_223307,goodreads_35022,True
recommendation_182735,goodreads_52298,True
recommendation_137470,goodreads_842,True
recommendation_212685,goodreads_1078,True
recommendation_2448,goodreads_10507,True
recommendation_51657,goodreads_29966,True
recommendation_2481,goodreads_12743,True
recommendation_3462,goodreads_43152,True
recommendation_110886,goodreads_47550,True
recommendation_13298,goodreads_13,True
recommendation_30490,goodreads_47739,True
recommendation_2543,goodreads_45270,True
recommendation_153714,goodreads_11156,True
recommendation_173784,goodreads_8609,True
recommendation_42367,goodreads_21767,True
recommendation_2560,goodreads_26072,True
recommendation_235448,goodreads_50792,True
recommendation_195305,goodreads_19552,True
recommendation_190296,goodreads_50239,True
recommendation_102691,goodreads_53295,True
recommendation_177711,goodreads_50648,True
recommendation_79996,goodreads_38992,True
recommendation_122085,goodreads_35709,True
recommendation_2637,goodreads_19712,True
recommendation_2640,goodreads_49135,True
recommendation_263783,goodreads_1368,True
recommendation_12050,goodreads_578,True
recommendation_139732,goodreads_1066,True
recommendation_9504,goodreads_6517,True
recommendation_2741,goodreads_33278,True
recommendation_267536,goodreads_41781,True
recommendation_2757,goodreads_43322,True
recommendation_106205,goodreads_5813,True
recommendation_246648,goodreads_4380,True
recommendation_32454,goodreads_14039,True
recommendation_2789,goodreads_19848,True
recommendation_2793,goodreads_3004,True
recommendation_145365,goodreads_7817,True
recommendation_219236,goodreads_15021,True
recommendation_115171,goodreads_43316,True
recommendation_2838,goodreads_49411,True
recommendation_58106,goodreads_9353,True
recommendation_19296,goodreads_641,True
recommendation_256068,goodreads_26121,True
recommendation_173767,goodreads_51548,True
recommendation_126229,goodreads_2327,True
recommendation_86797,goodreads_7812,True
recommendation_109474,goodreads_14391,True
recommendation_2929,goodreads_1663,True
recommendation_2934,goodreads_34906,True
recommendation_209808,goodreads_42399,True
recommendation_247112,goodreads_2151,True
recommendation_51414,goodreads_50264,True
recommendation_200828,goodreads_2187,True
recommendation_2971,goodreads_16529,True
recommendation_11542,goodreads_7843,True
recommendation_213935,goodreads_1653,True
recommendation_55253,goodreads_268,True
recommendation_143412,goodreads_6511,True
recommendation_171646,goodreads_49758,True
recommendation_29141,goodreads_20025,True
recommendation_194273,goodreads_8638,True
recommendation_81330,goodreads_3050,True
recommendation_16732,goodreads_8286,True
recommendation_55650,goodreads_44716,True
recommendation_18817,goodreads_11051,True
recommendation_43755,goodreads_26788,True
recommendation_57663,goodreads_29282,True
recommendation_41284,goodreads_39681,True
recommendation_170779,goodreads_50649,False
recommendation_22593,goodreads_23342,False
recommendation_176534,goodreads_30410,False
recommendation_244960,goodreads_1420,False
recommendation_214820,goodreads_4977,False
recommendation_176255,goodreads_7872,False
recommendation_39478,goodreads_2395,False
recommendation_245767,goodreads_491,False
recommendation_255494,goodreads_12425,True
recommendation_207225,goodreads_14261,False
recommendation_209411,goodreads_48176,False
recommendation_67791,goodreads_13780,False
recommendation_10169,goodreads_13644,False
recommendation_117001,goodreads_10900,False
recommendation_4524,goodreads_2428,False
recommendation_19372,goodreads_2604,True
recommendation_139242,goodreads_52552,False
recommendation_8319,goodreads_14931,True
recommendation_86137,goodreads_52999,True
recommendation_119805,goodreads_52264,False
recommendation_30955,goodreads_28247,False
recommendation_42473,goodreads_5899,False
recommendation_41733,goodreads_7056,False
recommendation_154526,goodreads_18968,True
recommendation_39526,goodreads_38949,True
recommendation_2800,goodreads_35997,True
recommendation_8310,goodreads_6736,True
recommendation_208040,goodreads_2236,True
recommendation_63644,goodreads_13265,True
recommendation_4107,goodreads_31501,False
recommendation_2747,goodreads_14000,True
recommendation_39778,goodreads_6077,True
recommendation_71476,goodreads_14583,False
recommendation_28450,goodreads_57,True
recommendation_98087,goodreads_53199,True
recommendation_23107,goodreads_35853,False
recommendation_3015,goodreads_21230,False
recommendation_8952,goodreads_632,False
recommendation_228854,goodreads_29422,False
recommendation_21646,goodreads_10288,True
recommendation_4342,goodreads_5569,True
recommendation_1679,goodreads_35181,True
recommendation_17722,goodreads_384,False
recommendation_7198,goodreads_13504,False
recommendation_56928,goodreads_34786,True
recommendation_180106,goodreads_19612,False
recommendation_154902,goodreads_11043,True
recommendation_77713,goodreads_3184,True
recommendation_114023,goodreads_2132,False
recommendation_24646,goodreads_4196,False
recommendation_221796,goodreads_31344,False
recommendation_4791,goodreads_536,False
recommendation_146258,goodreads_4303,True
recommendation_253410,goodreads_47248,False
recommendation_37359,goodreads_53310,True
recommendation_42189,goodreads_29434,True
recommendation_66307,goodreads_1649,True
recommendation_49455,goodreads_3507,True
recommendation_199096,goodreads_8875,False
recommendation_3631,goodreads_44561,True
recommendation_39160,goodreads_7519,True
recommendation_148390,goodreads_4674,True
recommendation_143288,goodreads_9690,False
recommendation_84461,goodreads_35238,True
recommendation_48609,goodreads_9463,True
recommendation_126316,goodreads_36752,True
recommendation_33387,goodreads_715,True
recommendation_16066,goodreads_34773,True
recommendation_59716,goodreads_48438,True
recommendation_3572,goodreads_23366,False
recommendation_5428,goodreads_36845,True
recommendation_86497,goodreads_6772,False
recommendation_102474,goodreads_12396,False
recommendation_14489,goodreads_11293,True
recommendation_137183,goodreads_14122,False
recommendation_8155,goodreads_3828,False
recommendation_72828,goodreads_5955,False
recommendation_270181,goodreads_29685,True
recommendation_6766,goodreads_43564,False
recommendation_6236,goodreads_13298,True
recommendation_10172,goodreads_2531,True
recommendation_22008,goodreads_886,True
recommendation_22292,goodreads_4469,True
recommendation_88298,goodreads_6884,False
recommendation_219253,goodreads_34568,True
recommendation_60387,goodreads_33801,True
recommendation_252133,goodreads_8628,False
recommendation_52579,goodreads_9555,True
recommendation_28299,goodreads_1426,True
recommendation_72082,goodreads_4564,True
recommendation_98002,goodreads_8260,True
recommendation_213928,goodreads_26734,True
recommendation_127625,goodreads_14172,True
recommendation_4018,goodreads_8691,True
recommendation_234265,goodreads_38351,True
recommendation_52672,goodreads_12489,True
recommendation_162010,goodreads_42466,True
recommendation_12836,goodreads_754,True
recommendation_184613,goodreads_4176,True
recommendation_3754,goodreads_346,True
recommendation_18403,goodreads_2082,True
recommendation_187704,goodreads_51728,False
recommendation_35866,goodreads_4471,False
recommendation_249117,goodreads_20899,True
recommendation_208805,goodreads_44501,True
recommendation_103862,goodreads_47787,False
recommendation_72907,goodreads_5466,True
recommendation_26696,goodreads_5078,True
recommendation_22417,goodreads_16113,True
recommendation_2295,goodreads_5207,True
recommendation_212693,goodreads_15802,False
recommendation_187670,goodreads_7138,False
recommendation_21160,goodreads_467,False
recommendation_5150,goodreads_30614,False
recommendation_67567,goodreads_30044,False
recommendation_46593,goodreads_605,True
recommendation_143535,goodreads_23263,True
recommendation_59626,goodreads_63,True
recommendation_56181,goodreads_52747,True
recommendation_1580,goodreads_4937,True
recommendation_55660,goodreads_15785,True
recommendation_205317,goodreads_34531,True
recommendation_258437,goodreads_20801,True
recommendation_237977,goodreads_5289,True
recommendation_231127,goodreads_53994,True
recommendation_125559,goodreads_16085,True
recommendation_17927,goodreads_35378,False
recommendation_93579,goodreads_48996,False
recommendation_24214,goodreads_5887,False
recommendation_207440,goodreads_44305,True
recommendation_115712,goodreads_53442,False
recommendation_231751,goodreads_39106,False
recommendation_232514,goodreads_44880,False
recommendation_12743,goodreads_19066,False
recommendation_6038,goodreads_3942,False
recommendation_4467,goodreads_342,True
recommendation_196445,goodreads_6345,False
recommendation_24016,goodreads_7985,False
recommendation_9857,goodreads_12709,False
recommendation_64027,goodreads_9107,False
recommendation_43233,goodreads_44529,False
recommendation_31841,goodreads_21225,False
recommendation_59655,goodreads_50724,True
recommendation_22177,goodreads_6541,True
recommendation_3761,goodreads_28602,True
recommendation_15320,goodreads_4511,False
recommendation_113399,goodreads_14421,False
recommendation_134200,goodreads_52401,True
recommendation_177622,goodreads_48839,True
recommendation_26256,goodreads_52491,True
recommendation_7576,goodreads_46422,False
recommendation_59426,goodreads_50245,True
recommendation_237703,goodreads_45403,False
recommendation_180614,goodreads_439,False
recommendation_270498,goodreads_17558,True
recommendation_16182,goodreads_112,True
recommendation_273,goodreads_288,True
recommendation_6814,goodreads_15274,True
recommendation_67045,goodreads_51556,True
recommendation_44888,goodreads_5125,True
recommendation_55997,goodreads_13275,True
recommendation_41548,goodreads_52415,True
recommendation_63264,goodreads_2289,False
recommendation_200033,goodreads_44325,True
recommendation_51632,goodreads_7310,False
recommendation_236417,goodreads_49375,True
recommendation_93658,goodreads_8359,False
recommendation_139713,goodreads_26120,True
recommendation_177442,goodreads_10555,False
recommendation_39329,goodreads_1223,True
recommendation_172455,goodreads_2259,False
recommendation_39760,goodreads_514,False
recommendation_187524,goodreads_12131,False
recommendation_202447,goodreads_34059,False
recommendation_63533,goodreads_589,False
recommendation_7145,goodreads_40256,True
recommendation_889,goodreads_897,True
recommendation_5283,goodreads_36145,True
recommendation_223502,goodreads_52794,True
recommendation_202879,goodreads_36141,False
recommendation_7967,goodreads_14758,True
recommendation_15523,goodreads_41023,True
recommendation_64365,goodreads_12828,True
recommendation_60685,goodreads_25182,False
recommendation_12045,goodreads_48945,True
recommendation_21133,goodreads_145,True
recommendation_215958,goodreads_30621,False
recommendation_101379,goodreads_39461,False
recommendation_110416,goodreads_45106,False
recommendation_193803,goodreads_28210,False
recommendation_173950,goodreads_13427,False
recommendation_37954,goodreads_18755,True
recommendation_1822,goodreads_7128,True
recommendation_31082,goodreads_28300,False
recommendation_103216,goodreads_36194,True
recommendation_3813,goodreads_4613,True
recommendation_67212,goodreads_2797,True
recommendation_47112,goodreads_618,False
recommendation_13259,goodreads_11599,False
recommendation_40974,goodreads_49653,False
recommendation_179322,goodreads_29224,False
recommendation_71379,goodreads_125,False
recommendation_73022,goodreads_40064,True
recommendation_103427,goodreads_54277,False
recommendation_263765,goodreads_5693,False
recommendation_198416,goodreads_7134,True
recommendation_218610,goodreads_720,True
recommendation_14893,goodreads_37641,False
recommendation_36191,goodreads_30878,False
recommendation_13237,goodreads_23294,True
recommendation_111172,goodreads_916,True
recommendation_36643,goodreads_40155,False
recommendation_107098,goodreads_2742,False
recommendation_5990,goodreads_15827,True
recommendation_17672,goodreads_4799,False
recommendation_11143,goodreads_9104,True
recommendation_84227,goodreads_1032,True
recommendation_82764,goodreads_1345,True
recommendation_76,goodreads_419,True
recommendation_4199,goodreads_3155,True
recommendation_1353,goodreads_9984,True
recommendation_15450,goodreads_176,True
recommendation_80109,goodreads_11438,True
recommendation_223792,goodreads_52495,False
recommendation_55619,goodreads_3646,False
recommendation_13499,goodreads_38384,True
recommendation_10811,goodreads_464,False
recommendation_255327,goodreads_2569,False
recommendation_175671,goodreads_2929,False
recommendation_88939,goodreads_16018,True
recommendation_28642,goodreads_22649,False
recommendation_31135,goodreads_50830,True
recommendation_80043,goodreads_6189,True
recommendation_470,goodreads_127,True
recommendation_79771,goodreads_533,False
recommendation_8027,goodreads_2031,False
recommendation_41178,goodreads_144,False
recommendation_183603,goodreads_49470,False
recommendation_254689,goodreads_46641,False
recommendation_71435,goodreads_12255,True
recommendation_118318,goodreads_15954,True
recommendation_215534,goodreads_35716,False
recommendation_166930,goodreads_16971,False
recommendation_42431,goodreads_49697,False
recommendation_130750,goodreads_17257,False
recommendation_17987,goodreads_46307,False
recommendation_74022,goodreads_27435,False
recommendation_7999,goodreads_89,True
recommendation_44874,goodreads_45543,False
recommendation_106416,goodreads_46216,False
recommendation_35407,goodreads_33175,False
recommendation_141807,goodreads_4572,False
recommendation_1983,goodreads_28,False
recommendation_117749,goodreads_8167,False
recommendation_637,goodreads_43860,False
recommendation_10642,goodreads_10966,False
recommendation_193552,goodreads_10870,False
recommendation_57606,goodreads_51038,False
recommendation_130088,goodreads_49961,False
recommendation_66157,goodreads_26942,True
recommendation_70213,goodreads_6159,True
recommendation_12802,goodreads_7450,True
recommendation_57980,goodreads_47096,True
recommendation_198088,goodreads_14522,True
recommendation_53684,goodreads_13571,True
recommendation_226196,goodreads_14202,False
recommendation_236563,goodreads_29657,False
recommendation_41098,goodreads_4460,False
recommendation_402,goodreads_38961,False
recommendation_29469,goodreads_35094,True
recommendation_311,goodreads_15339,True
recommendation_121948,goodreads_1133,False
recommendation_251712,goodreads_455,False
recommendation_84652,goodreads_50048,True
recommendation_16179,goodreads_40722,True
recommendation_199531,goodreads_23027,False
recommendation_84861,goodreads_12013,True
recommendation_84862,goodreads_11265,True
recommendation_46762,goodreads_25313,True
recommendation_187482,goodreads_35877,True
recommendation_161445,goodreads_44730,False
recommendation_148587,goodreads_49115,False
recommendation_71969,goodreads_13334,False
recommendation_125944,goodreads_22428,False
recommendation_258905,goodreads_35662,False
recommendation_206004,goodreads_8888,False
recommendation_9453,goodreads_220,True
recommendation_208375,goodreads_12397,True
recommendation_78470,goodreads_8352,True
recommendation_171226,goodreads_14336,False
recommendation_97927,goodreads_48830,False
recommendation_185077,goodreads_46853,True
recommendation_124185,goodreads_11813,False
recommendation_15566,goodreads_40914,True
recommendation_7530,goodreads_6752,True
recommendation_8451,goodreads_46783,True
recommendation_55712,goodreads_44467,True
recommendation_26565,goodreads_3938,False
recommendation_66367,goodreads_35784,True
recommendation_6390,goodreads_37551,False
recommendation_167276,goodreads_31510,False
recommendation_21198,goodreads_3886,False
recommendation_29550,goodreads_23920,False
recommendation_110351,goodreads_12308,False
recommendation_87858,goodreads_880,True
recommendation_252409,goodreads_14738,True
recommendation_213878,goodreads_5778,False
recommendation_102122,goodreads_9654,False
recommendation_195737,goodreads_37743,True
recommendation_2130,goodreads_13097,False
recommendation_6024,goodreads_3326,True
recommendation_33341,goodreads_181,True
recommendation_232927,goodreads_16116,False
recommendation_35782,goodreads_7009,True
recommendation_32119,goodreads_9574,True
recommendation_152414,goodreads_35726,True
recommendation_135072,goodreads_6052,True
recommendation_34260,goodreads_4863,True
recommendation_86201,goodreads_8924,False
recommendation_29004,goodreads_1888,False
recommendation_13019,goodreads_27987,True
recommendation_52165,goodreads_50982,True
recommendation_58256,goodreads_51542,True
recommendation_193604,goodreads_51419,True
recommendation_193615,goodreads_51292,True
recommendation_84752,goodreads_49428,True
recommendation_142975,goodreads_47694,True
recommendation_53512,goodreads_7103,False
recommendation_90589,goodreads_14631,True
recommendation_45442,goodreads_1927,True
recommendation_64059,goodreads_5129,True
recommendation_203367,goodreads_13434,True
recommendation_36778,goodreads_25585,True
recommendation_40008,goodreads_24,False
recommendation_128084,goodreads_6957,False
recommendation_208984,goodreads_14473,True
recommendation_11001,goodreads_25824,False
recommendation_22294,goodreads_1679,False
recommendation_47313,goodreads_4943,False
recommendation_156699,goodreads_22254,True
recommendation_174160,goodreads_37746,False
recommendation_105411,goodreads_2825,False
recommendation_51909,goodreads_8879,True
recommendation_4972,goodreads_44779,False
recommendation_60123,goodreads_15458,True
recommendation_627,goodreads_52663,True
recommendation_37996,goodreads_9774,True
recommendation_89887,goodreads_45661,False
recommendation_205194,goodreads_43130,False
recommendation_10804,goodreads_8108,True
recommendation_8171,goodreads_7924,True
recommendation_212914,goodreads_11819,False
recommendation_158085,goodreads_46507,True
recommendation_166120,goodreads_44390,False
recommendation_203062,goodreads_54048,False
recommendation_51067,goodreads_7906,False
recommendation_236259,goodreads_4816,False
recommendation_9900,goodreads_51240,False
recommendation_25601,goodreads_3431,False
recommendation_176277,goodreads_42939,False
recommendation_157706,goodreads_12173,True
recommendation_121667,goodreads_23209,True
recommendation_18961,goodreads_46978,True
recommendation_41667,goodreads_8079,True
recommendation_81130,goodreads_30837,False
recommendation_174532,goodreads_969,True
recommendation_40009,goodreads_6835,False
recommendation_122616,goodreads_6546,True
recommendation_82597,goodreads_20633,True
recommendation_32460,goodreads_252,True
recommendation_6881,goodreads_11641,True
recommendation_6880,goodreads_2648,True
recommendation_6884,goodreads_32188,True
recommendation_37913,goodreads_4713,True
recommendation_137468,goodreads_5479,True
recommendation_6882,goodreads_5176,True
recommendation_262673,goodreads_28313,True
recommendation_21764,goodreads_25437,False
recommendation_3981,goodreads_51598,False
recommendation_36734,goodreads_336,True
recommendation_51961,goodreads_933,True
recommendation_184676,goodreads_3152,False
recommendation_52307,goodreads_2730,True
recommendation_6778,goodreads_7051,False
recommendation_32880,goodreads_51355,False
recommendation_12452,goodreads_8679,False
recommendation_219301,goodreads_54242,False
recommendation_20124,goodreads_4458,False
recommendation_129174,goodreads_1200,False
recommendation_7433,goodreads_11596,False
recommendation_111436,goodreads_12541,True
recommendation_115789,goodreads_17570,True
recommendation_211370,goodreads_25942,True
recommendation_27311,goodreads_35834,True
recommendation_55342,goodreads_43868,True
recommendation_66336,goodreads_10595,True
recommendation_6114,goodreads_13403,False
recommendation_2609,goodreads_502,False
recommendation_362,goodreads_381,True
recommendation_68848,goodreads_49289,True
recommendation_419,goodreads_9170,True
recommendation_20153,goodreads_45021,True
recommendation_61950,goodreads_47095,False
recommendation_49096,goodreads_44443,False
recommendation_25947,goodreads_29503,False
recommendation_142847,goodreads_50876,False
recommendation_114294,goodreads_10240,True
recommendation_33589,goodreads_14427,False
recommendation_219772,goodreads_34832,False
recommendation_133580,goodreads_21554,False
recommendation_78423,goodreads_47324,True
recommendation_102446,goodreads_9025,False
recommendation_270615,goodreads_43445,False
recommendation_196538,goodreads_19607,False
recommendation_16659,goodreads_2745,True
recommendation_78286,goodreads_7067,False
recommendation_206033,goodreads_25806,False
recommendation_63950,goodreads_46948,True
recommendation_210077,goodreads_38723,False
recommendation_19973,goodreads_41236,False
recommendation_169421,goodreads_34267,True
recommendation_86846,goodreads_19869,True
recommendation_25574,goodreads_44055,False
recommendation_80620,goodreads_22278,False
recommendation_51439,goodreads_4096,True
recommendation_54318,goodreads_46662,True
recommendation_62852,goodreads_34082,True
recommendation_237640,goodreads_39227,True
recommendation_2091,goodreads_1407,False
recommendation_31891,goodreads_27117,False
recommendation_129024,goodreads_8742,False
recommendation_203470,goodreads_5886,True
recommendation_158860,goodreads_49065,False
recommendation_168116,goodreads_10199,True
recommendation_122264,goodreads_4745,False
recommendation_140271,goodreads_11779,False
recommendation_261415,goodreads_41365,False
recommendation_16850,goodreads_24417,True
recommendation_13312,goodreads_5835,False
recommendation_90452,goodreads_20009,False
recommendation_217757,goodreads_45549,False
recommendation_95477,goodreads_42433,True
recommendation_127694,goodreads_40110,False
recommendation_23384,goodreads_53016,False
recommendation_27616,goodreads_48552,False
recommendation_220293,goodreads_50049,True
recommendation_122102,goodreads_51947,True
recommendation_17545,goodreads_48809,False
recommendation_15055,goodreads_48508,False
recommendation_145058,goodreads_11613,False
recommendation_156473,goodreads_45899,True
recommendation_36892,goodreads_46160,True
recommendation_14550,goodreads_4451,False
recommendation_218668,goodreads_45966,False
recommendation_52928,goodreads_41053,True
recommendation_8698,goodreads_3028,True
recommendation_193111,goodreads_3451,True
recommendation_37951,goodreads_1637,True
recommendation_57971,goodreads_53156,True
recommendation_100740,goodreads_5181,True
recommendation_105650,goodreads_48955,True
recommendation_249750,goodreads_8567,True
recommendation_165466,goodreads_41499,True
recommendation_140830,goodreads_53466,True
recommendation_6937,goodreads_4342,True
recommendation_1432,goodreads_222,True
recommendation_62853,goodreads_32992,True
recommendation_4042,goodreads_296,True
recommendation_173179,goodreads_47736,True
recommendation_6513,goodreads_759,True
recommendation_117039,goodreads_50752,True
recommendation_143829,goodreads_15108,True
recommendation_27578,goodreads_19461,True
recommendation_27549,goodreads_39749,True
recommendation_21485,goodreads_409,True
recommendation_30463,goodreads_43718,True
recommendation_165054,goodreads_6523,True
recommendation_72174,goodreads_113,True
recommendation_3915,goodreads_1443,True
recommendation_82510,goodreads_104,True
recommendation_34076,goodreads_156,True
recommendation_3916,goodreads_1277,True
recommendation_234570,goodreads_51,True
recommendation_24980,goodreads_9813,True
recommendation_40576,goodreads_49155,False
recommendation_7026,goodreads_53617,False
recommendation_4357,goodreads_23886,True
recommendation_25669,goodreads_43278,True
recommendation_66306,goodreads_28795,True
recommendation_84790,goodreads_50692,True
recommendation_23692,goodreads_35759,True
recommendation_125920,goodreads_52118,True
recommendation_35603,goodreads_52070,True
recommendation_78424,goodreads_2030,False
recommendation_57059,goodreads_1342,True
recommendation_317,goodreads_25768,False
